20201212215531,10.0.0.1,5001,10.0.0.4,47578,3,0.0-0.1,1470,89406,0.000,890,891,99.888,0
20201212221011,10.0.0.1,5001,10.0.0.26,43927,4,0.0-10.0,1312710,1054685,0.010,0,893,0.000,1
20201212221051,10.0.0.1,5001,10.0.0.27,39495,3,0.0-10.0,1312710,1055240,0.006,0,893,0.000,1
20201212221132,10.0.0.1,5001,10.0.0.28,57069,4,0.0-10.0,1312710,1055198,0.006,0,893,0.000,3
20201212221212,10.0.0.1,5001,10.0.0.29,48486,3,0.0-10.0,1312710,1054725,0.009,0,893,0.000,4
20201212221252,10.0.0.1,5001,10.0.0.30,46244,4,0.0-10.0,1312710,1054459,0.013,0,893,0.000,2
20201212221332,10.0.0.1,5001,10.0.0.31,38065,3,0.0-10.0,1312710,1054432,0.007,0,893,0.000,2
20201212221412,10.0.0.1,5001,10.0.0.32,48375,4,0.0-10.0,1312710,1054744,0.005,0,893,0.000,2
20201212221452,10.0.0.1,5001,10.0.0.33,56564,3,0.0-9.9,1312710,1056010,0.007,0,893,0.000,5
20201212221812,10.0.0.1,5001,10.0.0.38,45880,4,0.0-10.0,1312710,1054924,0.004,0,893,0.000,3
20201212221852,10.0.0.1,5001,10.0.0.39,35623,3,0.0-10.0,1312710,1054547,0.009,0,893,0.000,2
20201212221932,10.0.0.1,5001,10.0.0.40,43763,4,0.0-10.0,1312710,1055061,0.005,0,893,0.000,4
20201212222012,10.0.0.1,5001,10.0.0.41,37515,3,0.0-9.9,1312710,1055945,0.006,0,893,0.000,4
20201212222052,10.0.0.1,5001,10.0.0.42,44802,4,0.0-10.0,1312710,1055127,0.004,0,893,0.000,1
20201212222132,10.0.0.1,5001,10.0.0.43,33977,3,0.0-9.9,1312710,1055867,0.004,0,893,0.000,2
20201212222212,10.0.0.1,5001,10.0.0.44,34097,4,0.0-9.9,1312710,1055741,0.015,0,893,0.000,1
20201212222252,10.0.0.1,5001,10.0.0.45,55334,3,0.0-10.0,1312710,1054927,0.005,0,893,0.000,3
20201212222332,10.0.0.1,5001,10.0.0.46,54534,4,0.0-9.9,1312710,1055574,0.012,0,893,0.000,3
20201212222412,10.0.0.1,5001,10.0.0.47,55149,3,0.0-9.9,1312710,1055877,0.008,0,893,0.000,4
20201212222452,10.0.0.1,5001,10.0.0.48,57130,4,0.0-10.0,1312710,1054747,0.003,0,893,0.000,3
20201212222532,10.0.0.1,5001,10.0.0.49,60399,3,0.0-10.0,1312710,1054218,0.010,0,893,0.000,3
20201212222612,10.0.0.1,5001,10.0.0.50,37861,4,0.0-10.0,1312710,1054878,0.010,0,893,0.000,4
20201212222652,10.0.0.1,5001,10.0.0.51,36786,3,0.0-9.9,1312710,1056001,0.008,0,893,0.000,3
20201212222732,10.0.0.1,5001,10.0.0.52,46821,4,0.0-10.0,1312710,1055359,0.005,0,893,0.000,2
20201212224853,10.0.0.1,5001,10.0.0.84,53482,3,0.0-9.9,1312710,1056310,0.015,0,893,0.000,3
20201212224933,10.0.0.1,5001,10.0.0.85,56873,4,0.0-9.9,1312710,1055606,0.007,0,893,0.000,4
20201212225013,10.0.0.1,5001,10.0.0.86,55766,3,0.0-9.9,1312710,1057367,0.008,0,893,0.000,6
20201212225054,10.0.0.1,5001,10.0.0.87,36728,4,0.0-9.9,1312710,1056764,0.011,0,893,0.000,3
20201212225133,10.0.0.1,5001,10.0.0.88,40224,3,0.0-9.9,1312710,1056698,0.007,0,893,0.000,5
20201212225214,10.0.0.1,5001,10.0.0.89,57802,4,0.0-9.9,1312710,1055930,0.011,0,893,0.000,4
20201212225254,10.0.0.1,5001,10.0.0.90,38865,3,0.0-9.9,1312710,1055462,0.009,0,893,0.000,1
20201212225334,10.0.0.1,5001,10.0.0.91,33025,4,0.0-10.0,1312710,1055282,0.013,0,893,0.000,3
20201212225414,10.0.0.1,5001,10.0.0.92,53866,3,0.0-9.9,1312710,1055767,0.007,0,893,0.000,3
20201212225454,10.0.0.1,5001,10.0.0.93,48576,4,0.0-9.9,1312710,1056596,0.010,0,893,0.000,4
20201212225534,10.0.0.1,5001,10.0.0.94,33938,3,0.0-9.9,1312710,1056163,0.009,0,893,0.000,3
20201212225614,10.0.0.1,5001,10.0.0.95,36268,4,0.0-9.9,1312710,1065346,0.012,0,893,0.000,6
20201212225654,10.0.0.1,5001,10.0.0.96,50466,3,0.0-9.9,1312710,1056179,0.013,0,893,0.000,4
20201212225734,10.0.0.1,5001,10.0.0.97,58389,4,0.0-9.9,1312710,1057749,0.009,0,893,0.000,4
20201212225814,10.0.0.1,5001,10.0.0.98,50333,3,0.0-9.9,1312710,1059000,0.009,0,893,0.000,4
20201212231855,10.0.0.1,5001,10.0.0.129,49777,4,0.0-9.3,1312710,1127548,0.004,0,893,0.000,62
20201212233216,10.0.0.1,5001,10.0.0.149,53771,3,0.0-3.9,648270,1333473,0.006,452,893,50.616,89
20201212233416,10.0.0.1,5001,10.0.0.152,47793,4,0.0-10.0,1312710,1054476,0.009,0,893,0.000,2
20201212233456,10.0.0.1,5001,10.0.0.153,59585,3,0.0-9.9,1312710,1055800,0.017,0,893,0.000,1
20201212233536,10.0.0.1,5001,10.0.0.154,39364,4,0.0-9.9,1312710,1056293,0.005,0,893,0.000,3
20201212233616,10.0.0.1,5001,10.0.0.155,47960,3,0.0-9.9,1312710,1056209,0.003,0,893,0.000,4
20201212233656,10.0.0.1,5001,10.0.0.156,33008,4,0.0-9.9,1312710,1056674,0.010,0,893,0.000,1
20201212233736,10.0.0.1,5001,10.0.0.157,56062,3,0.0-9.9,1312710,1055658,0.008,0,893,0.000,3
20201212233816,10.0.0.1,5001,10.0.0.158,45314,4,0.0-10.0,1312710,1054810,0.004,0,893,0.000,2
20201212233856,10.0.0.1,5001,10.0.0.159,35596,3,0.0-10.0,1312710,1055235,0.006,0,893,0.000,3
20201212233936,10.0.0.1,5001,10.0.0.160,55442,4,0.0-9.9,1312710,1063336,0.006,0,893,0.000,10
20201212234016,10.0.0.1,5001,10.0.0.161,43480,3,0.0-10.0,1312710,1054370,0.009,0,893,0.000,3
20201212234056,10.0.0.1,5001,10.0.0.162,51269,4,0.0-10.0,1312710,1055136,0.006,0,893,0.000,2
20201212234136,10.0.0.1,5001,10.0.0.163,51676,3,0.0-10.0,1312710,1054811,0.004,0,893,0.000,3
20201212234216,10.0.0.1,5001,10.0.0.164,42983,4,0.0-10.0,1312710,1054426,0.003,0,893,0.000,3
20201212234256,10.0.0.1,5001,10.0.0.165,39929,3,0.0-10.0,1312710,1054620,0.003,0,893,0.000,0
20201212234336,10.0.0.1,5001,10.0.0.166,55524,4,0.0-10.0,1312710,1054764,0.011,0,893,0.000,3
20201212234416,10.0.0.1,5001,10.0.0.167,47468,3,0.0-10.0,1312710,1054437,0.005,0,893,0.000,2
20201212234456,10.0.0.1,5001,10.0.0.168,44933,4,0.0-10.0,1312710,1054932,0.007,0,893,0.000,2
20201212234536,10.0.0.1,5001,10.0.0.169,59060,3,0.0-10.0,1312710,1055265,0.007,0,893,0.000,3
20201212234616,10.0.0.1,5001,10.0.0.170,34933,4,0.0-9.9,1312710,1055670,0.009,0,893,0.000,4
20201212234656,10.0.0.1,5001,10.0.0.171,49135,3,0.0-9.9,1312710,1055626,0.004,0,893,0.000,2
20201212234737,10.0.0.1,5001,10.0.0.172,35678,4,0.0-9.9,1312710,1055592,62.506,0,893,0.000,3
20201212234817,10.0.0.1,5001,10.0.0.173,33560,3,0.0-10.0,1312710,1054651,0.010,0,893,0.000,2
20201212234857,10.0.0.1,5001,10.0.0.174,56922,4,0.0-10.0,1312710,1055148,0.005,0,893,0.000,3
20201212234937,10.0.0.1,5001,10.0.0.175,44398,3,0.0-9.9,1312710,1055459,0.007,0,893,0.000,3
20201212235017,10.0.0.1,5001,10.0.0.176,45705,4,0.0-10.0,1312710,1055300,0.008,0,893,0.000,3
20201212235057,10.0.0.1,5001,10.0.0.177,56320,3,0.0-9.9,1312710,1055552,0.008,0,893,0.000,3
20201212235137,10.0.0.1,5001,10.0.0.178,40442,4,0.0-10.0,1312710,1054941,0.010,0,893,0.000,3
20201212235217,10.0.0.1,5001,10.0.0.179,50250,3,0.0-10.0,1312710,1055137,0.007,0,893,0.000,3
20201212235257,10.0.0.1,5001,10.0.0.180,51036,4,0.0-10.0,1312710,1054843,0.008,0,893,0.000,4
20201212235337,10.0.0.1,5001,10.0.0.181,58727,3,0.0-9.9,1312710,1055576,0.005,0,893,0.000,4
20201212235417,10.0.0.1,5001,10.0.0.182,56017,4,0.0-10.0,1312710,1055347,0.009,0,893,0.000,3
20201212235457,10.0.0.1,5001,10.0.0.183,55966,3,0.0-10.0,1312710,1055120,0.011,0,893,0.000,3
20201212235537,10.0.0.1,5001,10.0.0.184,53835,4,0.0-10.0,1312710,1054528,0.005,0,893,0.000,1
20201212235617,10.0.0.1,5001,10.0.0.185,35354,3,0.0-10.0,1312710,1054314,0.004,0,893,0.000,2
20201212235657,10.0.0.1,5001,10.0.0.186,35210,4,0.0-10.0,1312710,1055027,0.005,0,893,0.000,1
20201212235737,10.0.0.1,5001,10.0.0.187,52680,3,0.0-10.0,1312710,1055183,0.003,0,893,0.000,4
20201212235817,10.0.0.1,5001,10.0.0.188,37924,4,0.0-10.0,1312710,1054640,0.007,0,893,0.000,2
20201212235857,10.0.0.1,5001,10.0.0.189,58592,3,0.0-9.9,1312710,1056149,0.005,0,893,0.000,3
20201212235937,10.0.0.1,5001,10.0.0.190,58670,4,0.0-10.0,1312710,1055227,0.003,0,893,0.000,2
20201213000017,10.0.0.1,5001,10.0.0.191,48220,3,0.0-10.0,1312710,1054688,0.005,0,893,0.000,0
20201213000057,10.0.0.1,5001,10.0.0.192,37078,4,0.0-10.0,1312710,1054593,0.010,0,893,0.000,3
20201213000137,10.0.0.1,5001,10.0.0.193,49145,3,0.0-10.0,1312710,1054623,0.007,0,893,0.000,3
20201213000217,10.0.0.1,5001,10.0.0.194,56494,4,0.0-10.0,1312710,1054687,0.009,0,893,0.000,0
20201213000257,10.0.0.1,5001,10.0.0.195,52088,3,0.0-10.0,1312710,1054696,0.004,0,893,0.000,1
20201213000337,10.0.0.1,5001,10.0.0.196,41338,4,0.0-10.0,1312710,1053839,0.005,0,893,0.000,3
20201213000417,10.0.0.1,5001,10.0.0.197,52747,3,0.0-10.0,1312710,1054385,0.006,0,893,0.000,2
20201213000457,10.0.0.1,5001,10.0.0.198,50235,4,0.0-10.0,1312710,1054689,0.007,0,893,0.000,1
20201213000537,10.0.0.1,5001,10.0.0.199,40754,3,0.0-10.0,1312710,1054844,0.005,0,893,0.000,0
20201213000617,10.0.0.1,5001,10.0.0.200,41525,4,0.0-10.0,1312710,1055211,0.008,0,893,0.000,2
20201213000657,10.0.0.1,5001,10.0.0.201,49551,3,0.0-10.0,1312710,1054747,0.008,0,893,0.000,3
20201213000737,10.0.0.1,5001,10.0.0.202,44730,4,0.0-9.9,1312710,1056035,0.006,0,893,0.000,2
20201213000818,10.0.0.1,5001,10.0.0.203,42792,3,0.0-8.7,1281840,1174081,62.506,21,893,2.352,89
20201213000858,10.0.0.1,5001,10.0.0.204,52543,4,0.0-10.0,1312710,1055270,0.002,0,893,0.000,3
20201213000938,10.0.0.1,5001,10.0.0.205,47155,3,0.0-9.9,1312710,1062049,0.006,0,893,0.000,9
20201213001018,10.0.0.1,5001,10.0.0.206,54780,4,0.0-10.0,1312710,1054850,0.002,0,893,0.000,3
20201213001058,10.0.0.1,5001,10.0.0.207,32802,3,0.0-10.0,1312710,1054663,0.013,0,893,0.000,2
20201213001138,10.0.0.1,5001,10.0.0.208,32990,4,0.0-10.0,1312710,1054484,0.008,0,893,0.000,2
20201213001218,10.0.0.1,5001,10.0.0.209,39742,3,0.0-9.9,1312710,1056714,0.008,0,893,0.000,3
20201213001258,10.0.0.1,5001,10.0.0.210,58940,4,0.0-10.0,1312710,1055332,0.007,0,893,0.000,2
20201213001338,10.0.0.1,5001,10.0.0.211,53259,3,0.0-10.0,1312710,1054758,0.008,0,893,0.000,3
20201213001418,10.0.0.1,5001,10.0.0.212,39836,4,0.0-10.0,1312710,1054531,0.009,0,893,0.000,0
20201213001458,10.0.0.1,5001,10.0.0.213,33729,3,0.0-10.0,1312710,1054782,0.008,0,893,0.000,3
20201213001538,10.0.0.1,5001,10.0.0.214,41645,4,0.0-10.0,1312710,1054758,0.003,0,893,0.000,1
20201213001618,10.0.0.1,5001,10.0.0.215,44008,3,0.0-10.0,1312710,1055362,0.007,0,893,0.000,3
20201213001658,10.0.0.1,5001,10.0.0.216,42593,4,0.0-10.0,1312710,1055204,0.004,0,893,0.000,3
20201213001738,10.0.0.1,5001,10.0.0.217,34462,3,0.0-10.0,1312710,1054582,0.004,0,893,0.000,1
20201213001818,10.0.0.1,5001,10.0.0.218,48058,4,0.0-10.0,1312710,1054967,0.010,0,893,0.000,2
20201213001858,10.0.0.1,5001,10.0.0.219,57291,3,0.0-10.0,1312710,1055379,0.006,0,893,0.000,2
20201213001938,10.0.0.1,5001,10.0.0.220,47521,4,0.0-10.0,1312710,1054610,0.008,0,893,0.000,2
20201213002018,10.0.0.1,5001,10.0.0.221,50585,3,0.0-10.0,1312710,1055165,0.010,0,893,0.000,3
20201213002058,10.0.0.1,5001,10.0.0.222,60134,4,0.0-10.0,1312710,1055255,0.004,0,893,0.000,3
20201213002138,10.0.0.1,5001,10.0.0.223,50137,3,0.0-10.0,1312710,1054350,0.008,0,893,0.000,2
20201213002218,10.0.0.1,5001,10.0.0.224,35180,4,0.0-10.0,1312710,1055137,0.005,0,893,0.000,2
20201213002258,10.0.0.1,5001,10.0.0.225,35140,3,0.0-9.9,1312710,1055727,0.006,0,893,0.000,3
20201213002338,10.0.0.1,5001,10.0.0.226,34194,4,0.0-10.0,1312710,1054814,0.005,0,893,0.000,3
20201213002418,10.0.0.1,5001,10.0.0.227,41745,3,0.0-10.0,1312710,1054404,0.010,0,893,0.000,3
20201213002458,10.0.0.1,5001,10.0.0.228,57125,4,0.0-10.0,1312710,1054599,0.003,0,893,0.000,3
20201213002538,10.0.0.1,5001,10.0.0.229,50562,3,0.0-10.0,1312710,1054320,0.006,0,893,0.000,2
20201213002618,10.0.0.1,5001,10.0.0.230,57596,4,0.0-10.0,1312710,1054827,0.004,0,893,0.000,2
20201213002658,10.0.0.1,5001,10.0.0.231,40715,3,0.0-10.0,1312710,1054278,0.002,0,893,0.000,2
20201213002739,10.0.0.1,5001,10.0.0.232,49116,4,0.0-10.0,1312710,1054680,0.006,0,893,0.000,3
20201213002819,10.0.0.1,5001,10.0.0.233,47626,3,0.0-9.9,1312710,1055882,0.006,0,893,0.000,2
20201213002859,10.0.0.1,5001,10.0.0.234,39225,4,0.0-10.0,1312710,1054857,0.005,0,893,0.000,2
20201213002939,10.0.0.1,5001,10.0.0.235,35689,3,0.0-10.0,1312710,1054421,0.007,0,893,0.000,3
20201213003019,10.0.0.1,5001,10.0.0.236,37833,4,0.0-10.0,1312710,1054987,0.009,0,893,0.000,0
20201213003059,10.0.0.1,5001,10.0.0.237,53434,3,0.0-9.9,1312710,1055451,0.005,0,893,0.000,4
20201213003139,10.0.0.1,5001,10.0.0.238,49580,4,0.0-9.9,1312710,1055677,0.010,0,893,0.000,4
20201213003219,10.0.0.1,5001,10.0.0.239,36859,3,0.0-9.9,1312710,1055737,0.009,0,893,0.000,4
20201213003259,10.0.0.1,5001,10.0.0.240,60242,4,0.0-10.0,1312710,1055419,0.006,0,893,0.000,3
20201213003339,10.0.0.1,5001,10.0.0.241,51437,3,0.0-10.0,1312710,1055328,0.003,0,893,0.000,3
20201213003419,10.0.0.1,5001,10.0.0.242,59111,4,0.0-10.0,1312710,1054561,0.007,0,893,0.000,1
20201213003459,10.0.0.1,5001,10.0.0.243,43871,3,0.0-10.0,1312710,1054749,0.006,0,893,0.000,3
20201213003539,10.0.0.1,5001,10.0.0.244,43440,4,0.0-10.0,1312710,1054519,0.005,0,893,0.000,5
20201213003619,10.0.0.1,5001,10.0.0.245,57164,3,0.0-10.0,1312710,1054717,0.004,0,893,0.000,1
20201213003659,10.0.0.1,5001,10.0.0.246,56901,4,0.0-10.0,1312710,1054571,0.003,0,893,0.000,1
20201213003739,10.0.0.1,5001,10.0.0.247,60141,3,0.0-9.9,1312710,1055917,0.007,0,893,0.000,2
20201213003819,10.0.0.1,5001,10.0.0.248,53153,4,0.0-10.0,1312710,1054641,0.006,0,893,0.000,2
20201213003859,10.0.0.1,5001,10.0.0.249,59949,3,0.0-10.0,1312710,1055011,0.005,0,893,0.000,3
20201213003939,10.0.0.1,5001,10.0.0.250,41688,4,0.0-10.0,1312710,1054684,0.006,0,893,0.000,2
20201213004019,10.0.0.1,5001,10.0.0.251,52902,3,0.0-10.0,1312710,1055070,0.006,0,893,0.000,4
20201213004059,10.0.0.1,5001,10.0.0.252,35060,4,0.0-10.0,1311240,1053871,0.009,1,893,0.112,2
20201213004139,10.0.0.1,5001,10.0.0.253,55188,3,0.0-10.0,1312710,1054643,0.006,0,893,0.000,1
20201213004219,10.0.0.1,5001,10.0.0.254,33990,4,0.0-10.0,1312710,1053811,0.008,0,893,0.000,4
20201213004259,10.0.0.1,5001,10.0.0.255,34959,3,0.0-9.9,1312710,1055660,0.010,0,893,0.000,2
20201213004339,10.0.0.1,5001,10.0.1.0,54066,4,0.0-10.0,1312710,1054926,0.008,0,893,0.000,1
20201213004419,10.0.0.1,5001,10.0.1.1,39363,3,0.0-10.0,1312710,1054943,0.005,0,893,0.000,2
20201213004459,10.0.0.1,5001,10.0.1.2,38352,4,0.0-10.0,1312710,1054679,0.004,0,893,0.000,1
20201213004539,10.0.0.1,5001,10.0.1.3,35166,3,0.0-9.9,1312710,1056711,0.005,0,893,0.000,4
20201213004619,10.0.0.1,5001,10.0.1.4,57201,4,0.0-10.0,1312710,1055277,0.005,0,893,0.000,3
20201213004659,10.0.0.1,5001,10.0.1.5,42511,3,0.0-10.0,1312710,1054555,0.003,0,893,0.000,3
20201213004740,10.0.0.1,5001,10.0.1.6,50447,4,0.0-10.0,1312710,1055089,62.504,0,893,0.000,4
20201213004820,10.0.0.1,5001,10.0.1.7,56570,3,0.0-10.0,1312710,1055159,0.004,0,893,0.000,2
20201213004900,10.0.0.1,5001,10.0.1.8,47627,4,0.0-10.0,1312710,1054873,0.009,0,893,0.000,2
20201213004940,10.0.0.1,5001,10.0.1.9,47852,3,0.0-10.0,1312710,1054626,0.004,0,893,0.000,2
20201213005020,10.0.0.1,5001,10.0.1.10,33409,4,0.0-10.0,1312710,1054898,0.011,0,893,0.000,2
20201213005100,10.0.0.1,5001,10.0.1.11,44598,3,0.0-9.9,1312710,1055822,0.007,0,893,0.000,5
20201213005140,10.0.0.1,5001,10.0.1.12,50691,4,0.0-9.9,1312710,1055507,0.006,0,893,0.000,3
20201213005220,10.0.0.1,5001,10.0.1.13,59248,3,0.0-10.0,1312710,1055112,0.004,0,893,0.000,2
20201213005300,10.0.0.1,5001,10.0.1.14,36356,4,0.0-10.0,1312710,1054323,0.005,0,893,0.000,1
20201213005340,10.0.0.1,5001,10.0.1.15,40602,3,0.0-10.0,1312710,1054707,0.005,0,893,0.000,2
20201213005420,10.0.0.1,5001,10.0.1.16,45036,4,0.0-10.0,1312710,1054780,0.005,0,893,0.000,1
20201213005500,10.0.0.1,5001,10.0.1.17,52659,3,0.0-10.0,1312710,1054234,0.008,0,893,0.000,3
20201213005540,10.0.0.1,5001,10.0.1.18,58288,4,0.0-10.0,1312710,1055366,0.005,0,893,0.000,2
20201213005620,10.0.0.1,5001,10.0.1.19,58464,3,0.0-8.3,1223040,1181724,0.009,61,893,6.831,84
20201213005700,10.0.0.1,5001,10.0.1.20,42640,4,0.0-10.0,1312710,1054612,0.010,0,893,0.000,3
20201213005740,10.0.0.1,5001,10.0.1.21,33483,3,0.0-10.0,1312710,1054370,0.009,0,893,0.000,3
20201213005820,10.0.0.1,5001,10.0.1.22,59287,4,0.0-10.0,1312710,1054805,0.002,0,893,0.000,1
20201213005900,10.0.0.1,5001,10.0.1.23,58627,3,0.0-10.0,1312710,1054689,0.007,0,893,0.000,3
20201213005940,10.0.0.1,5001,10.0.1.24,37822,4,0.0-9.9,1312710,1055705,0.004,0,893,0.000,2
20201213010020,10.0.0.1,5001,10.0.1.25,56494,3,0.0-10.0,1312710,1054473,0.005,0,893,0.000,1
20201213010100,10.0.0.1,5001,10.0.1.26,51650,4,0.0-10.0,1312710,1055059,0.045,0,893,0.000,3
20201213010140,10.0.0.1,5001,10.0.1.27,40572,3,0.0-10.0,1312710,1054758,0.006,0,893,0.000,2
20201213010220,10.0.0.1,5001,10.0.1.28,54675,4,0.0-9.9,1312710,1057006,0.006,0,893,0.000,5
20201213010300,10.0.0.1,5001,10.0.1.29,34619,3,0.0-10.0,1312710,1054758,0.006,0,893,0.000,4
20201213010340,10.0.0.1,5001,10.0.1.30,54301,4,0.0-10.0,1312710,1054454,0.005,0,893,0.000,3
20201213010420,10.0.0.1,5001,10.0.1.31,48487,3,0.0-10.0,1312710,1054806,0.008,0,893,0.000,1
20201213010500,10.0.0.1,5001,10.0.1.32,37809,4,0.0-10.0,1312710,1054922,0.009,0,893,0.000,1
20201213010540,10.0.0.1,5001,10.0.1.33,41195,3,0.0-10.0,1312710,1054709,0.002,0,893,0.000,1
20201213010620,10.0.0.1,5001,10.0.1.34,58947,4,0.0-9.9,1312710,1055841,0.009,0,893,0.000,3
20201213010701,10.0.0.1,5001,10.0.1.35,60841,3,0.0-9.9,1312710,1055959,62.504,0,893,0.000,5
20201213010741,10.0.0.1,5001,10.0.1.36,49109,4,0.0-9.9,1312710,1064889,0.002,0,893,0.000,4
20201213010821,10.0.0.1,5001,10.0.1.37,48934,3,0.0-10.0,1312710,1055351,0.008,0,893,0.000,3
20201213010901,10.0.0.1,5001,10.0.1.38,37066,4,0.0-10.0,1312710,1054743,0.007,0,893,0.000,2
20201213010941,10.0.0.1,5001,10.0.1.39,53306,3,0.0-10.0,1312710,1055164,0.009,0,893,0.000,1
20201213011021,10.0.0.1,5001,10.0.1.40,52150,4,0.0-10.0,1312710,1055015,0.007,0,893,0.000,4
20201213011101,10.0.0.1,5001,10.0.1.41,38449,3,0.0-10.0,1312710,1054271,0.005,0,893,0.000,2
20201213011141,10.0.0.1,5001,10.0.1.42,46472,4,0.0-10.0,1312710,1055140,0.007,0,893,0.000,1
20201213011221,10.0.0.1,5001,10.0.1.43,56327,3,0.0-10.0,1312710,1054655,0.004,0,893,0.000,1
20201213011301,10.0.0.1,5001,10.0.1.44,58032,4,0.0-10.0,1312710,1054903,0.004,0,893,0.000,2
20201213011341,10.0.0.1,5001,10.0.1.45,60114,3,0.0-10.0,1312710,1055022,0.008,0,893,0.000,3
20201213011421,10.0.0.1,5001,10.0.1.46,51623,4,0.0-10.0,1312710,1054715,0.007,0,893,0.000,3
20201213011501,10.0.0.1,5001,10.0.1.47,48166,3,0.0-9.9,1312710,1055627,0.010,0,893,0.000,2
20201213011541,10.0.0.1,5001,10.0.1.48,53937,4,0.0-10.0,1312710,1055379,0.003,0,893,0.000,3
20201213011621,10.0.0.1,5001,10.0.1.49,51991,3,0.0-9.9,1312710,1055604,0.004,0,893,0.000,2
20201213011701,10.0.0.1,5001,10.0.1.50,55768,4,0.0-10.0,1312710,1055241,0.007,0,893,0.000,2
20201213011741,10.0.0.1,5001,10.0.1.51,51656,3,0.0-10.0,1312710,1055323,0.007,0,893,0.000,3
20201213011821,10.0.0.1,5001,10.0.1.52,55186,4,0.0-10.0,1312710,1054989,0.012,0,893,0.000,2
20201213011901,10.0.0.1,5001,10.0.1.53,44276,3,0.0-10.0,1312710,1054538,0.007,0,893,0.000,1
20201213011941,10.0.0.1,5001,10.0.1.54,41888,4,0.0-10.0,1312710,1054320,0.011,0,893,0.000,2
20201213012021,10.0.0.1,5001,10.0.1.55,35749,3,0.0-10.0,1312710,1054805,0.003,0,893,0.000,1
20201213012101,10.0.0.1,5001,10.0.1.56,42618,4,0.0-10.0,1312710,1054654,0.002,0,893,0.000,2
20201213012141,10.0.0.1,5001,10.0.1.57,39597,3,0.0-10.0,1312710,1054802,0.009,0,893,0.000,2
20201213012221,10.0.0.1,5001,10.0.1.58,47212,4,0.0-10.0,1312710,1054504,0.005,0,893,0.000,1
20201213012301,10.0.0.1,5001,10.0.1.59,42502,3,0.0-10.0,1312710,1054490,0.006,0,893,0.000,4
20201213012341,10.0.0.1,5001,10.0.1.60,41837,4,0.0-10.0,1312710,1054371,0.010,0,893,0.000,2
20201213012421,10.0.0.1,5001,10.0.1.61,59510,3,0.0-10.0,1312710,1054787,0.008,0,893,0.000,2
20201213012501,10.0.0.1,5001,10.0.1.62,38510,4,0.0-10.0,1312710,1054506,0.005,0,893,0.000,2
20201213012541,10.0.0.1,5001,10.0.1.63,54413,3,0.0-10.0,1312710,1054854,0.007,0,893,0.000,0
20201213012621,10.0.0.1,5001,10.0.1.64,35713,4,0.0-9.9,1312710,1055472,0.004,0,893,0.000,4
20201213012702,10.0.0.1,5001,10.0.1.65,34431,3,0.0-10.0,1312710,1054661,0.011,0,893,0.000,1
20201213012742,10.0.0.1,5001,10.0.1.66,48803,4,0.0-10.0,1312710,1055092,0.008,0,893,0.000,3
20201213012822,10.0.0.1,5001,10.0.1.67,54826,3,0.0-10.0,1312710,1054663,0.006,0,893,0.000,1
20201213012902,10.0.0.1,5001,10.0.1.68,52758,4,0.0-10.0,1312710,1054757,0.007,0,893,0.000,1
20201213012942,10.0.0.1,5001,10.0.1.69,44026,3,0.0-10.0,1312710,1054847,0.006,0,893,0.000,3
20201213013022,10.0.0.1,5001,10.0.1.70,35349,4,0.0-10.0,1312710,1055268,0.005,0,893,0.000,3
20201213013102,10.0.0.1,5001,10.0.1.71,44033,3,0.0-10.0,1312710,1055229,0.007,0,893,0.000,3
20201213013142,10.0.0.1,5001,10.0.1.72,46188,4,0.0-10.0,1312710,1055044,0.004,0,893,0.000,2
20201213013222,10.0.0.1,5001,10.0.1.73,48447,3,0.0-10.0,1312710,1054694,0.003,0,893,0.000,2
20201213013302,10.0.0.1,5001,10.0.1.74,45852,4,0.0-10.0,1312710,1055149,0.006,0,893,0.000,2
20201213013342,10.0.0.1,5001,10.0.1.75,53810,3,0.0-10.0,1312710,1055245,0.006,0,893,0.000,4
20201213013422,10.0.0.1,5001,10.0.1.76,51866,4,0.0-10.0,1312710,1054773,0.004,0,893,0.000,1
20201213013502,10.0.0.1,5001,10.0.1.77,58420,3,0.0-9.9,1312710,1056336,0.004,0,893,0.000,3
20201213013542,10.0.0.1,5001,10.0.1.78,60429,4,0.0-9.9,1312710,1057444,0.005,0,893,0.000,2
20201213013622,10.0.0.1,5001,10.0.1.79,48568,3,0.0-10.0,1312710,1055383,0.003,0,893,0.000,3
20201213013702,10.0.0.1,5001,10.0.1.80,51988,4,0.0-10.0,1312710,1054318,0.006,0,893,0.000,2
20201213013742,10.0.0.1,5001,10.0.1.81,50289,3,0.0-10.0,1312710,1054792,0.007,0,893,0.000,2
20201213013822,10.0.0.1,5001,10.0.1.82,59115,4,0.0-10.0,1312710,1054717,0.007,0,893,0.000,3
20201213013902,10.0.0.1,5001,10.0.1.83,42333,3,0.0-10.0,1312710,1054185,0.002,0,893,0.000,4
20201213013942,10.0.0.1,5001,10.0.1.84,47265,4,0.0-10.0,1311240,1054110,0.006,1,893,0.112,3
20201213014022,10.0.0.1,5001,10.0.1.85,60225,3,0.0-10.0,1312710,1055058,0.008,0,893,0.000,1
20201213014102,10.0.0.1,5001,10.0.1.86,52084,4,0.0-10.0,1312710,1054819,0.008,0,893,0.000,2
20201213014142,10.0.0.1,5001,10.0.1.87,59890,3,0.0-10.0,1312710,1054856,0.011,0,893,0.000,1
20201213014222,10.0.0.1,5001,10.0.1.88,39759,4,0.0-10.0,1312710,1054653,0.005,0,893,0.000,2
20201213014302,10.0.0.1,5001,10.0.1.89,57574,3,0.0-10.0,1312710,1054612,0.006,0,893,0.000,3
20201213014342,10.0.0.1,5001,10.0.1.90,60028,4,0.0-10.0,1312710,1054577,0.005,0,893,0.000,2
20201213014422,10.0.0.1,5001,10.0.1.91,46006,3,0.0-9.6,1312710,1093186,0.008,0,893,0.000,28
20201213014502,10.0.0.1,5001,10.0.1.92,35779,4,0.0-10.0,1312710,1054691,0.005,0,893,0.000,2
20201213014542,10.0.0.1,5001,10.0.1.93,36987,3,0.0-10.0,1312710,1054710,0.003,0,893,0.000,4
20201213014622,10.0.0.1,5001,10.0.1.94,43448,4,0.0-10.0,1312710,1054562,0.002,0,893,0.000,1
20201213014703,10.0.0.1,5001,10.0.1.95,51590,3,0.0-10.0,1312710,1054440,0.005,0,893,0.000,1
20201213014743,10.0.0.1,5001,10.0.1.96,39913,4,0.0-10.0,1312710,1054287,0.006,0,893,0.000,2
20201213014823,10.0.0.1,5001,10.0.1.97,39297,3,0.0-10.0,1312710,1054907,0.005,0,893,0.000,3
20201213014903,10.0.0.1,5001,10.0.1.98,36133,4,0.0-9.9,1312710,1056480,0.004,0,893,0.000,3
20201213014943,10.0.0.1,5001,10.0.1.99,56039,3,0.0-10.0,1312710,1054759,0.006,0,893,0.000,1
20201213015023,10.0.0.1,5001,10.0.1.100,38302,4,0.0-10.0,1312710,1054611,0.019,0,893,0.000,3
20201213015103,10.0.0.1,5001,10.0.1.101,59307,3,0.0-10.0,1312710,1054822,0.054,0,893,0.000,3
20201213015143,10.0.0.1,5001,10.0.1.102,50103,4,0.0-10.0,1312710,1054810,0.004,0,893,0.000,2
20201213015223,10.0.0.1,5001,10.0.1.103,43399,3,0.0-10.0,1312710,1054638,0.004,0,893,0.000,3
20201213015303,10.0.0.1,5001,10.0.1.104,60016,4,0.0-10.0,1312710,1054755,0.006,0,893,0.000,2
20201213015343,10.0.0.1,5001,10.0.1.105,40173,3,0.0-10.0,1312710,1054583,0.005,0,893,0.000,2
20201213015423,10.0.0.1,5001,10.0.1.106,40438,4,0.0-10.0,1312710,1054796,0.005,0,893,0.000,2
20201213015503,10.0.0.1,5001,10.0.1.107,38580,3,0.0-10.0,1312710,1054708,0.003,0,893,0.000,2
20201213015543,10.0.0.1,5001,10.0.1.108,33769,4,0.0-10.0,1312710,1054646,0.011,0,893,0.000,2
20201213015623,10.0.0.1,5001,10.0.1.109,41413,3,0.0-10.0,1312710,1055138,0.007,0,893,0.000,3
20201213015703,10.0.0.1,5001,10.0.1.110,46210,4,0.0-10.0,1312710,1054541,0.007,0,893,0.000,1
20201213015743,10.0.0.1,5001,10.0.1.111,49820,3,0.0-10.0,1312710,1054451,0.005,0,893,0.000,3
20201213015823,10.0.0.1,5001,10.0.1.112,55321,4,0.0-10.0,1312710,1054755,0.008,0,893,0.000,2
20201213015903,10.0.0.1,5001,10.0.1.113,49655,3,0.0-10.0,1312710,1054466,0.008,0,893,0.000,2
20201213015943,10.0.0.1,5001,10.0.1.114,33610,4,0.0-9.9,1312710,1056026,0.010,0,893,0.000,3
20201213020023,10.0.0.1,5001,10.0.1.115,49823,3,0.0-10.0,1312710,1055202,0.008,0,893,0.000,3
20201213020103,10.0.0.1,5001,10.0.1.116,39360,4,0.0-10.0,1312710,1054438,0.007,0,893,0.000,2
20201213020143,10.0.0.1,5001,10.0.1.117,54238,3,0.0-10.0,1312710,1054821,0.002,0,893,0.000,4
20201213020223,10.0.0.1,5001,10.0.1.118,60038,4,0.0-9.8,1312710,1066721,0.004,0,893,0.000,13
20201213020303,10.0.0.1,5001,10.0.1.119,57910,3,0.0-10.0,1312710,1055110,0.006,0,893,0.000,2
20201213020343,10.0.0.1,5001,10.0.1.120,35757,4,0.0-10.0,1312710,1054255,0.005,0,893,0.000,2
20201213020423,10.0.0.1,5001,10.0.1.121,50119,3,0.0-10.0,1312710,1055008,0.006,0,893,0.000,3
20201213020503,10.0.0.1,5001,10.0.1.122,42848,4,0.0-10.0,1312710,1054615,0.008,0,893,0.000,1
20201213020543,10.0.0.1,5001,10.0.1.123,55690,3,0.0-10.0,1312710,1055163,0.004,0,893,0.000,2
20201213020624,10.0.0.1,5001,10.0.1.124,57880,4,0.0-10.0,1312710,1054936,62.505,0,893,0.000,1
20201213020704,10.0.0.1,5001,10.0.1.125,46811,3,0.0-10.0,1312710,1054866,0.008,0,893,0.000,3
20201213020744,10.0.0.1,5001,10.0.1.126,50259,4,0.0-9.9,1312710,1055772,0.008,0,893,0.000,3
20201213020824,10.0.0.1,5001,10.0.1.127,51844,3,0.0-10.0,1312710,1054909,0.007,0,893,0.000,4
20201213020904,10.0.0.1,5001,10.0.1.128,54528,4,0.0-10.0,1312710,1054559,0.007,0,893,0.000,1
20201213020944,10.0.0.1,5001,10.0.1.129,52420,3,0.0-10.0,1312710,1054709,0.007,0,893,0.000,2
20201213021024,10.0.0.1,5001,10.0.1.130,55212,4,0.0-10.0,1312710,1055366,0.007,0,893,0.000,3
20201213021104,10.0.0.1,5001,10.0.1.131,49291,3,0.0-10.0,1312710,1054686,0.008,0,893,0.000,4
20201213021144,10.0.0.1,5001,10.0.1.132,33371,4,0.0-9.9,1312710,1055925,0.004,0,893,0.000,3
20201213021224,10.0.0.1,5001,10.0.1.133,46941,3,0.0-10.0,1312710,1054993,0.002,0,893,0.000,2
20201213021304,10.0.0.1,5001,10.0.1.134,51640,4,0.0-10.0,1312710,1054856,0.005,0,893,0.000,2
20201213021344,10.0.0.1,5001,10.0.1.135,60679,3,0.0-10.0,1312710,1054472,0.012,0,893,0.000,2
20201213021424,10.0.0.1,5001,10.0.1.136,44777,4,0.0-10.0,1312710,1055130,0.003,0,893,0.000,3
20201213021504,10.0.0.1,5001,10.0.1.137,56800,3,0.0-10.0,1312710,1055044,0.006,0,893,0.000,2
20201213021544,10.0.0.1,5001,10.0.1.138,36567,4,0.0-10.0,1312710,1054730,0.008,0,893,0.000,2
20201213021624,10.0.0.1,5001,10.0.1.139,47893,3,0.0-10.0,1312710,1054813,0.009,0,893,0.000,3
20201213021704,10.0.0.1,5001,10.0.1.140,33872,4,0.0-10.0,1312710,1055078,0.003,0,893,0.000,3
20201213021744,10.0.0.1,5001,10.0.1.141,53953,3,0.0-10.0,1312710,1054771,0.009,0,893,0.000,2
20201213021824,10.0.0.1,5001,10.0.1.142,44016,4,0.0-10.0,1312710,1054378,0.005,0,893,0.000,2
20201213021904,10.0.0.1,5001,10.0.1.143,39272,3,0.0-10.0,1312710,1054537,0.005,0,893,0.000,3
20201213021944,10.0.0.1,5001,10.0.1.144,56170,4,0.0-9.9,1312710,1055681,0.003,0,893,0.000,3
20201213022024,10.0.0.1,5001,10.0.1.145,49857,3,0.0-10.0,1312710,1054395,0.004,0,893,0.000,3
20201213022104,10.0.0.1,5001,10.0.1.146,60995,4,0.0-10.0,1312710,1054802,0.008,0,893,0.000,3
20201213022144,10.0.0.1,5001,10.0.1.147,54070,3,0.0-10.0,1312710,1054735,0.005,0,893,0.000,2
20201213022224,10.0.0.1,5001,10.0.1.148,49020,4,0.0-10.0,1312710,1055149,0.007,0,893,0.000,3
20201213022304,10.0.0.1,5001,10.0.1.149,41274,3,0.0-9.9,1312710,1055494,0.006,0,893,0.000,3
20201213022344,10.0.0.1,5001,10.0.1.150,40582,4,0.0-10.0,1312710,1054765,0.006,0,893,0.000,3
20201213022424,10.0.0.1,5001,10.0.1.151,48598,3,0.0-10.0,1312710,1055170,0.004,0,893,0.000,2
20201213022504,10.0.0.1,5001,10.0.1.152,57044,4,0.0-10.0,1312710,1054430,0.006,0,893,0.000,3
20201213022544,10.0.0.1,5001,10.0.1.153,46068,3,0.0-9.9,1312710,1062331,0.007,0,893,0.000,10
20201213022624,10.0.0.1,5001,10.0.1.154,47823,4,0.0-9.9,1312710,1055445,0.007,0,893,0.000,2
20201213022705,10.0.0.1,5001,10.0.1.155,53217,3,0.0-10.0,1312710,1054445,0.005,0,893,0.000,3
20201213022745,10.0.0.1,5001,10.0.1.156,53384,4,0.0-10.0,1312710,1054927,0.002,0,893,0.000,3
20201213022825,10.0.0.1,5001,10.0.1.157,36456,3,0.0-10.0,1312710,1055031,0.005,0,893,0.000,1
20201213022905,10.0.0.1,5001,10.0.1.158,52904,4,0.0-10.0,1312710,1054122,0.004,0,893,0.000,2
20201213022945,10.0.0.1,5001,10.0.1.159,58511,3,0.0-10.0,1312710,1054663,0.005,0,893,0.000,3
20201213023025,10.0.0.1,5001,10.0.1.160,42583,4,0.0-10.0,1312710,1055164,0.006,0,893,0.000,2
20201213023105,10.0.0.1,5001,10.0.1.161,49231,3,0.0-10.0,1312710,1055412,0.005,0,893,0.000,2
20201213023145,10.0.0.1,5001,10.0.1.162,34197,4,0.0-10.0,1312710,1054837,0.012,0,893,0.000,3
20201213023225,10.0.0.1,5001,10.0.1.163,39798,3,0.0-10.0,1312710,1054831,0.005,0,893,0.000,1
20201213023305,10.0.0.1,5001,10.0.1.164,51479,4,0.0-10.0,1312710,1054530,0.006,0,893,0.000,1
20201213023345,10.0.0.1,5001,10.0.1.165,37366,3,0.0-9.9,1312710,1055788,0.004,0,893,0.000,4
20201213023425,10.0.0.1,5001,10.0.1.166,40579,4,0.0-10.0,1312710,1054567,0.006,0,893,0.000,1
20201213023505,10.0.0.1,5001,10.0.1.167,48026,3,0.0-9.9,1312710,1055865,0.005,0,893,0.000,3
20201213023545,10.0.0.1,5001,10.0.1.168,50908,4,0.0-10.0,1312710,1054856,0.006,0,893,0.000,2
20201213023625,10.0.0.1,5001,10.0.1.169,40005,3,0.0-10.0,1312710,1054693,0.002,0,893,0.000,3
20201213023705,10.0.0.1,5001,10.0.1.170,48802,4,0.0-10.0,1312710,1054695,0.004,0,893,0.000,1
20201213023745,10.0.0.1,5001,10.0.1.171,41270,3,0.0-10.0,1312710,1054821,0.006,0,893,0.000,2
20201213023825,10.0.0.1,5001,10.0.1.172,50407,4,0.0-10.0,1312710,1054820,0.004,0,893,0.000,2
20201213023905,10.0.0.1,5001,10.0.1.173,58757,3,0.0-10.0,1312710,1055067,0.006,0,893,0.000,3
20201213023945,10.0.0.1,5001,10.0.1.174,45401,4,0.0-10.0,1312710,1054521,0.002,0,893,0.000,2
20201213024025,10.0.0.1,5001,10.0.1.175,60076,3,0.0-10.0,1312710,1055397,0.004,0,893,0.000,2
20201213024105,10.0.0.1,5001,10.0.1.176,35254,4,0.0-10.0,1312710,1054474,0.011,0,893,0.000,3
20201213024145,10.0.0.1,5001,10.0.1.177,38600,3,0.0-9.9,1312710,1058904,0.006,0,893,0.000,3
20201213024225,10.0.0.1,5001,10.0.1.178,59201,4,0.0-9.9,1312710,1056121,0.005,0,893,0.000,3
20201213024305,10.0.0.1,5001,10.0.1.179,41859,3,0.0-10.0,1312710,1054202,0.011,0,893,0.000,3
20201213024345,10.0.0.1,5001,10.0.1.180,51129,4,0.0-10.0,1312710,1055049,0.005,0,893,0.000,3
20201213024425,10.0.0.1,5001,10.0.1.181,59130,3,0.0-10.0,1312710,1054861,0.009,0,893,0.000,4
20201213024505,10.0.0.1,5001,10.0.1.182,58377,4,0.0-10.0,1312710,1054399,0.007,0,893,0.000,3
20201213024545,10.0.0.1,5001,10.0.1.183,44489,3,0.0-10.0,1312710,1055082,0.004,0,893,0.000,3
20201213024625,10.0.0.1,5001,10.0.1.184,59483,4,0.0-10.0,1312710,1054703,0.006,0,893,0.000,2
20201213024706,10.0.0.1,5001,10.0.1.185,43144,3,0.0-10.0,1312710,1054771,0.005,0,893,0.000,1
20201213024746,10.0.0.1,5001,10.0.1.186,44366,4,0.0-10.0,1312710,1055016,0.007,0,893,0.000,3
20201213024826,10.0.0.1,5001,10.0.1.187,36982,3,0.0-10.0,1312710,1054657,0.010,0,893,0.000,3
20201213024906,10.0.0.1,5001,10.0.1.188,37544,4,0.0-10.0,1312710,1054433,0.004,0,893,0.000,2
20201213024946,10.0.0.1,5001,10.0.1.189,57167,3,0.0-9.9,1312710,1055543,0.003,0,893,0.000,3
20201213025026,10.0.0.1,5001,10.0.1.190,40643,4,0.0-10.0,1312710,1054838,0.005,0,893,0.000,1
20201213025106,10.0.0.1,5001,10.0.1.191,45696,3,0.0-9.9,1312710,1055479,0.005,0,893,0.000,3
20201213025146,10.0.0.1,5001,10.0.1.192,44963,4,0.0-10.0,1312710,1055128,0.011,0,893,0.000,3
20201213025226,10.0.0.1,5001,10.0.1.193,33035,3,0.0-10.0,1312710,1055246,0.005,0,893,0.000,2
20201213025306,10.0.0.1,5001,10.0.1.194,40994,4,0.0-10.0,1312710,1054815,0.006,0,893,0.000,1
20201213025346,10.0.0.1,5001,10.0.1.195,37670,3,0.0-10.0,1312710,1055260,0.003,0,893,0.000,3
20201213025426,10.0.0.1,5001,10.0.1.196,48204,4,0.0-9.9,1312710,1056385,0.011,0,893,0.000,4
20201213025506,10.0.0.1,5001,10.0.1.197,58890,3,0.0-10.0,1312710,1054547,0.007,0,893,0.000,1
20201213025546,10.0.0.1,5001,10.0.1.198,59840,4,0.0-9.9,1312710,1056167,0.008,0,893,0.000,4
20201213025626,10.0.0.1,5001,10.0.1.199,32858,3,0.0-9.9,1312710,1055711,0.008,0,893,0.000,2
20201213025706,10.0.0.1,5001,10.0.1.200,56160,4,0.0-9.9,1312710,1057174,0.003,0,893,0.000,3
20201213025746,10.0.0.1,5001,10.0.1.201,43798,3,0.0-10.0,1312710,1055055,0.005,0,893,0.000,4
20201213025826,10.0.0.1,5001,10.0.1.202,50013,4,0.0-10.0,1312710,1054631,0.005,0,893,0.000,2
20201213025906,10.0.0.1,5001,10.0.1.203,39203,3,0.0-10.0,1312710,1054800,0.007,0,893,0.000,3
20201213025946,10.0.0.1,5001,10.0.1.204,52516,4,0.0-9.9,1312710,1057168,0.004,0,893,0.000,5
20201213030026,10.0.0.1,5001,10.0.1.205,39197,3,0.0-10.0,1312710,1054917,0.007,0,893,0.000,3
20201213030106,10.0.0.1,5001,10.0.1.206,46743,4,0.0-10.0,1312710,1054905,0.009,0,893,0.000,4
20201213030146,10.0.0.1,5001,10.0.1.207,55202,3,0.0-10.0,1312710,1055032,0.011,0,893,0.000,1
20201213030226,10.0.0.1,5001,10.0.1.208,37410,4,0.0-10.0,1312710,1055063,0.008,0,893,0.000,2
20201213030306,10.0.0.1,5001,10.0.1.209,53416,3,0.0-10.0,1312710,1054754,0.009,0,893,0.000,1
20201213030346,10.0.0.1,5001,10.0.1.210,48983,4,0.0-10.0,1312710,1054818,0.006,0,893,0.000,3
20201213030426,10.0.0.1,5001,10.0.1.211,33676,3,0.0-10.0,1312710,1054500,0.004,0,893,0.000,1
20201213030506,10.0.0.1,5001,10.0.1.212,43696,4,0.0-10.0,1312710,1054665,0.008,0,893,0.000,3
20201213030546,10.0.0.1,5001,10.0.1.213,33159,3,0.0-10.0,1312710,1055341,0.005,0,893,0.000,2
20201213030627,10.0.0.1,5001,10.0.1.214,57215,4,0.0-10.0,1312710,1054507,62.505,0,893,0.000,1
20201213030707,10.0.0.1,5001,10.0.1.215,44032,3,0.0-10.0,1312710,1054447,0.006,0,893,0.000,2
20201213030747,10.0.0.1,5001,10.0.1.216,54708,4,0.0-9.9,1312710,1056494,0.002,0,893,0.000,3
20201213030827,10.0.0.1,5001,10.0.1.217,45548,3,0.0-10.0,1312710,1055220,0.007,0,893,0.000,3
20201213030907,10.0.0.1,5001,10.0.1.218,44179,4,0.0-10.0,1312710,1055021,0.007,0,893,0.000,1
20201213030947,10.0.0.1,5001,10.0.1.219,54788,3,0.0-10.0,1312710,1054920,0.006,0,893,0.000,2
20201213031027,10.0.0.1,5001,10.0.1.220,45420,4,0.0-10.0,1312710,1054949,0.007,0,893,0.000,3
20201213031107,10.0.0.1,5001,10.0.1.221,39821,3,0.0-10.0,1312710,1054695,0.006,0,893,0.000,3
20201213031147,10.0.0.1,5001,10.0.1.222,47876,4,0.0-7.9,1177470,1189329,0.009,92,893,10.302,94
20201213031227,10.0.0.1,5001,10.0.1.223,40246,3,0.0-10.0,1312710,1054809,0.007,0,893,0.000,2
20201213031307,10.0.0.1,5001,10.0.1.224,46672,4,0.0-10.0,1312710,1055073,0.005,0,893,0.000,3
20201213031347,10.0.0.1,5001,10.0.1.225,54351,3,0.0-9.9,1312710,1055810,0.005,0,893,0.000,3
20201213031427,10.0.0.1,5001,10.0.1.226,57513,4,0.0-10.0,1312710,1054266,0.011,0,893,0.000,3
20201213031507,10.0.0.1,5001,10.0.1.227,38318,3,0.0-10.0,1312710,1054617,0.005,0,893,0.000,1
20201213031547,10.0.0.1,5001,10.0.1.228,35929,4,0.0-9.9,1312710,1055833,0.004,0,893,0.000,2
20201213031627,10.0.0.1,5001,10.0.1.229,48308,3,0.0-10.0,1312710,1054799,0.007,0,893,0.000,2
20201213031707,10.0.0.1,5001,10.0.1.230,52668,4,0.0-10.0,1312710,1054588,0.003,0,893,0.000,1
20201213031747,10.0.0.1,5001,10.0.1.231,43399,3,0.0-9.9,1312710,1056050,0.009,0,893,0.000,3
20201213031827,10.0.0.1,5001,10.0.1.232,38890,4,0.0-10.0,1312710,1054862,0.008,0,893,0.000,2
20201213031907,10.0.0.1,5001,10.0.1.233,38933,3,0.0-10.0,1312710,1054305,0.006,0,893,0.000,2
20201213031947,10.0.0.1,5001,10.0.1.234,40211,4,0.0-10.0,1312710,1054375,0.007,0,893,0.000,3
20201213032027,10.0.0.1,5001,10.0.1.235,34391,3,0.0-9.9,1312710,1056185,0.007,0,893,0.000,1
20201213032107,10.0.0.1,5001,10.0.1.236,56167,4,0.0-10.0,1312710,1055262,0.003,0,893,0.000,4
20201213032147,10.0.0.1,5001,10.0.1.237,33482,3,0.0-10.0,1312710,1055128,0.005,0,893,0.000,2
20201213032227,10.0.0.1,5001,10.0.1.238,33207,4,0.0-10.0,1312710,1054603,0.006,0,893,0.000,2
20201213032307,10.0.0.1,5001,10.0.1.239,50639,3,0.0-9.9,1312710,1060729,0.003,0,893,0.000,10
20201213032347,10.0.0.1,5001,10.0.1.240,39008,4,0.0-10.0,1312710,1055018,0.007,0,893,0.000,4
20201213032427,10.0.0.1,5001,10.0.1.241,39256,3,0.0-10.0,1312710,1055047,0.009,0,893,0.000,4
20201213032507,10.0.0.1,5001,10.0.1.242,49262,4,0.0-10.0,1312710,1055047,0.007,0,893,0.000,1
20201213032547,10.0.0.1,5001,10.0.1.243,44109,3,0.0-10.0,1312710,1054635,0.007,0,893,0.000,2
20201213032627,10.0.0.1,5001,10.0.1.244,36689,4,0.0-10.0,1312710,1055171,0.004,0,893,0.000,3
20201213032707,10.0.0.1,5001,10.0.1.245,56050,3,0.0-10.0,1312710,1055023,0.008,0,893,0.000,2
20201213032747,10.0.0.1,5001,10.0.1.246,36324,4,0.0-10.0,1312710,1054886,0.009,0,893,0.000,4
20201213032828,10.0.0.1,5001,10.0.1.247,55268,3,0.0-10.0,1312710,1054665,0.010,0,893,0.000,3
20201213032908,10.0.0.1,5001,10.0.1.248,50173,4,0.0-9.9,1312710,1057166,0.006,0,893,0.000,4
20201213032948,10.0.0.1,5001,10.0.1.249,56295,3,0.0-10.0,1312710,1054851,0.004,0,893,0.000,2
20201213033028,10.0.0.1,5001,10.0.1.250,47389,4,0.0-10.0,1312710,1055015,0.004,0,893,0.000,2
20201213033108,10.0.0.1,5001,10.0.1.251,49444,3,0.0-10.0,1312710,1054476,0.005,0,893,0.000,2
20201213033148,10.0.0.1,5001,10.0.1.252,38907,4,0.0-10.0,1312710,1055014,0.005,0,893,0.000,4
20201213033228,10.0.0.1,5001,10.0.1.253,60087,3,0.0-10.0,1312710,1054722,0.003,0,893,0.000,2
20201213033308,10.0.0.1,5001,10.0.1.254,36901,4,0.0-10.0,1312710,1054873,0.010,0,893,0.000,3
20201213033348,10.0.0.1,5001,10.0.1.255,57852,3,0.0-10.0,1312710,1054491,0.010,0,893,0.000,2
20201213033428,10.0.0.1,5001,10.0.2.0,52204,4,0.0-10.0,1312710,1054737,0.005,0,893,0.000,2
20201213033508,10.0.0.1,5001,10.0.2.1,32776,3,0.0-10.0,1312710,1055410,0.003,0,893,0.000,4
20201213033548,10.0.0.1,5001,10.0.2.2,59597,4,0.0-9.9,1312710,1056356,0.005,0,893,0.000,3
20201213033628,10.0.0.1,5001,10.0.2.3,48908,3,0.0-9.9,1312710,1056132,0.009,0,893,0.000,4
20201213033708,10.0.0.1,5001,10.0.2.4,45457,4,0.0-10.0,1312710,1054807,0.004,0,893,0.000,1
20201213033748,10.0.0.1,5001,10.0.2.5,60303,3,0.0-10.0,1312710,1054254,0.003,0,893,0.000,2
20201213033828,10.0.0.1,5001,10.0.2.6,55611,4,0.0-10.0,1312710,1055332,0.005,0,893,0.000,3
20201213033908,10.0.0.1,5001,10.0.2.7,46179,3,0.0-10.0,1312710,1054907,0.005,0,893,0.000,4
20201213033948,10.0.0.1,5001,10.0.2.8,51487,4,0.0-10.0,1312710,1055220,0.007,0,893,0.000,3
20201213034028,10.0.0.1,5001,10.0.2.9,47674,3,0.0-10.0,1312710,1054850,0.007,0,893,0.000,3
20201213034108,10.0.0.1,5001,10.0.2.10,37841,4,0.0-10.0,1312710,1054279,0.004,0,893,0.000,2
20201213034148,10.0.0.1,5001,10.0.2.11,50628,3,0.0-10.0,1312710,1054663,0.002,0,893,0.000,1
20201213034228,10.0.0.1,5001,10.0.2.12,47191,4,0.0-10.0,1312710,1054956,0.008,0,893,0.000,4
20201213034308,10.0.0.1,5001,10.0.2.13,34813,3,0.0-10.0,1312710,1054806,0.007,0,893,0.000,2
20201213034348,10.0.0.1,5001,10.0.2.14,49485,4,0.0-9.9,1312710,1055744,0.005,0,893,0.000,5
20201213034428,10.0.0.1,5001,10.0.2.15,38961,3,0.0-9.9,1312710,1055875,0.004,0,893,0.000,4
20201213034508,10.0.0.1,5001,10.0.2.16,52998,4,0.0-10.0,1312710,1054864,0.005,0,893,0.000,3
20201213034548,10.0.0.1,5001,10.0.2.17,44098,3,0.0-10.0,1312710,1055356,0.005,0,893,0.000,3
20201213034628,10.0.0.1,5001,10.0.2.18,47789,4,0.0-10.0,1312710,1054423,0.007,0,893,0.000,2
20201213034708,10.0.0.1,5001,10.0.2.19,44625,3,0.0-10.0,1312710,1055043,0.002,0,893,0.000,3
20201213034748,10.0.0.1,5001,10.0.2.20,36406,4,0.0-10.0,1312710,1054985,0.007,0,893,0.000,3
20201213034828,10.0.0.1,5001,10.0.2.21,36261,3,0.0-10.0,1312710,1054707,0.006,0,893,0.000,3
20201213034908,10.0.0.1,5001,10.0.2.22,56968,4,0.0-10.0,1312710,1054384,0.005,0,893,0.000,2
20201213034948,10.0.0.1,5001,10.0.2.23,52267,3,0.0-10.0,1312710,1054836,0.007,0,893,0.000,3
20201213035029,10.0.0.1,5001,10.0.2.24,56067,4,0.0-10.0,1312710,1055390,62.509,0,893,0.000,3
20201213035109,10.0.0.1,5001,10.0.2.25,35893,3,0.0-10.0,1312710,1054688,0.006,0,893,0.000,2
20201213035149,10.0.0.1,5001,10.0.2.26,39888,4,0.0-10.0,1312710,1054710,0.004,0,893,0.000,3
20201213035229,10.0.0.1,5001,10.0.2.27,47226,3,0.0-10.0,1312710,1054978,0.005,0,893,0.000,4
20201213035309,10.0.0.1,5001,10.0.2.28,47298,4,0.0-10.0,1312710,1054609,0.003,0,893,0.000,1
20201213035349,10.0.0.1,5001,10.0.2.29,43306,3,0.0-10.0,1312710,1054653,0.006,0,893,0.000,1
20201213035429,10.0.0.1,5001,10.0.2.30,55584,4,0.0-10.0,1312710,1054550,0.004,0,893,0.000,1
20201213035509,10.0.0.1,5001,10.0.2.31,39358,3,0.0-10.0,1312710,1055350,0.009,0,893,0.000,3
20201213035549,10.0.0.1,5001,10.0.2.32,57390,4,0.0-10.0,1312710,1054103,0.008,0,893,0.000,4
20201213035629,10.0.0.1,5001,10.0.2.33,49054,3,0.0-10.0,1312710,1054700,0.004,0,893,0.000,2
20201213035709,10.0.0.1,5001,10.0.2.34,46057,4,0.0-9.9,1312710,1056119,0.006,0,893,0.000,4
20201213035749,10.0.0.1,5001,10.0.2.35,53504,3,0.0-10.0,1312710,1055231,0.012,0,893,0.000,3
20201213035829,10.0.0.1,5001,10.0.2.36,37541,4,0.0-10.0,1312710,1054644,0.008,0,893,0.000,1
20201213035909,10.0.0.1,5001,10.0.2.37,44738,3,0.0-10.0,1312710,1055129,0.006,0,893,0.000,4
20201213035949,10.0.0.1,5001,10.0.2.38,48715,4,0.0-8.2,1217160,1182555,0.006,65,893,7.279,85
20201213040029,10.0.0.1,5001,10.0.2.39,54251,3,0.0-10.0,1312710,1055047,0.064,0,893,0.000,2
20201213040109,10.0.0.1,5001,10.0.2.40,58777,4,0.0-10.0,1312710,1054808,0.006,0,893,0.000,0
20201213040149,10.0.0.1,5001,10.0.2.41,60144,3,0.0-10.0,1312710,1054482,0.007,0,893,0.000,2
20201213040229,10.0.0.1,5001,10.0.2.42,49461,4,0.0-10.0,1312710,1055136,0.008,0,893,0.000,3
20201213040309,10.0.0.1,5001,10.0.2.43,60183,3,0.0-10.0,1312710,1053868,0.008,0,893,0.000,0
20201213040349,10.0.0.1,5001,10.0.2.44,55944,4,0.0-10.0,1312710,1054111,0.003,0,893,0.000,4
20201213040429,10.0.0.1,5001,10.0.2.45,54928,3,0.0-10.0,1312710,1054844,0.006,0,893,0.000,1
20201213040509,10.0.0.1,5001,10.0.2.46,53233,4,0.0-10.0,1312710,1054648,0.008,0,893,0.000,0
20201213040549,10.0.0.1,5001,10.0.2.47,48169,3,0.0-9.9,1312710,1056269,0.009,0,893,0.000,4
20201213040629,10.0.0.1,5001,10.0.2.48,60816,4,0.0-9.9,1312710,1056151,0.005,0,893,0.000,4
20201213040709,10.0.0.1,5001,10.0.2.49,36457,3,0.0-10.0,1312710,1054629,0.005,0,893,0.000,0
20201213040749,10.0.0.1,5001,10.0.2.50,54744,4,0.0-10.0,1312710,1055181,0.005,0,893,0.000,2
20201213040829,10.0.0.1,5001,10.0.2.51,39930,3,0.0-10.0,1312710,1054502,0.005,0,893,0.000,1
20201213040909,10.0.0.1,5001,10.0.2.52,52436,4,0.0-10.0,1312710,1054798,0.005,0,893,0.000,1
20201213040949,10.0.0.1,5001,10.0.2.53,38156,3,0.0-10.0,1312710,1055360,0.038,0,893,0.000,3
20201213041029,10.0.0.1,5001,10.0.2.54,45261,4,0.0-10.0,1312710,1054698,0.007,0,893,0.000,1
20201213041110,10.0.0.1,5001,10.0.2.55,36408,3,0.0-10.0,1312710,1054812,0.006,0,893,0.000,3
20201213041150,10.0.0.1,5001,10.0.2.56,54052,4,0.0-10.0,1312710,1055292,0.002,0,893,0.000,2
20201213041230,10.0.0.1,5001,10.0.2.57,50133,3,0.0-9.9,1312710,1055592,0.007,0,893,0.000,9
20201213041310,10.0.0.1,5001,10.0.2.58,45703,4,0.0-10.0,1312710,1054923,0.007,0,893,0.000,1
20201213041350,10.0.0.1,5001,10.0.2.59,33839,3,0.0-10.0,1312710,1054818,0.016,0,893,0.000,2
20201213041430,10.0.0.1,5001,10.0.2.60,60926,4,0.0-10.0,1312710,1054806,0.012,0,893,0.000,2
20201213041510,10.0.0.1,5001,10.0.2.61,42511,3,0.0-10.0,1312710,1054639,0.005,0,893,0.000,3
20201213041550,10.0.0.1,5001,10.0.2.62,44779,4,0.0-10.0,1312710,1055085,0.003,0,893,0.000,2
20201213041630,10.0.0.1,5001,10.0.2.63,34259,3,0.0-10.0,1312710,1054564,0.007,0,893,0.000,1
20201213041710,10.0.0.1,5001,10.0.2.64,58292,4,0.0-10.0,1312710,1053752,0.005,0,893,0.000,4
20201213041750,10.0.0.1,5001,10.0.2.65,36032,3,0.0-10.0,1312710,1055030,0.008,0,893,0.000,3
20201213041830,10.0.0.1,5001,10.0.2.66,58115,4,0.0-10.0,1312710,1054511,0.004,0,893,0.000,2
20201213041910,10.0.0.1,5001,10.0.2.67,42588,3,0.0-10.0,1312710,1054746,0.005,0,893,0.000,1
20201213041950,10.0.0.1,5001,10.0.2.68,54276,4,0.0-10.0,1312710,1054937,0.004,0,893,0.000,3
20201213042030,10.0.0.1,5001,10.0.2.69,40641,3,0.0-10.0,1312710,1054602,0.004,0,893,0.000,2
20201213042110,10.0.0.1,5001,10.0.2.70,52499,4,0.0-10.0,1312710,1055237,0.008,0,893,0.000,3
20201213042150,10.0.0.1,5001,10.0.2.71,38996,3,0.0-10.0,1312710,1055089,0.004,0,893,0.000,3
20201213042230,10.0.0.1,5001,10.0.2.72,38830,4,0.0-10.0,1312710,1054187,0.007,0,893,0.000,2
20201213042310,10.0.0.1,5001,10.0.2.73,34510,3,0.0-9.9,1312710,1055583,0.004,0,893,0.000,4
20201213042350,10.0.0.1,5001,10.0.2.74,56864,4,0.0-9.9,1312710,1055780,0.010,0,893,0.000,2
20201213042430,10.0.0.1,5001,10.0.2.75,50298,3,0.0-10.0,1312710,1054549,0.005,0,893,0.000,3
20201213042510,10.0.0.1,5001,10.0.2.76,51297,4,0.0-10.0,1312710,1054637,0.002,0,893,0.000,4
20201213042550,10.0.0.1,5001,10.0.2.77,39165,3,0.0-10.0,1312710,1054562,0.004,0,893,0.000,2
20201213042630,10.0.0.1,5001,10.0.2.78,45796,4,0.0-10.0,1312710,1054354,0.006,0,893,0.000,3
20201213042710,10.0.0.1,5001,10.0.2.79,34064,3,0.0-10.0,1312710,1054595,0.005,0,893,0.000,4
20201213042750,10.0.0.1,5001,10.0.2.80,54371,4,0.0-10.0,1312710,1054760,0.006,0,893,0.000,1
20201213042830,10.0.0.1,5001,10.0.2.81,46907,3,0.0-10.0,1312710,1054692,0.004,0,893,0.000,4
20201213042910,10.0.0.1,5001,10.0.2.82,39519,4,0.0-10.0,1312710,1054766,0.009,0,893,0.000,2
20201213042951,10.0.0.1,5001,10.0.2.83,49418,3,0.0-10.0,1312710,1054179,62.506,0,893,0.000,2
20201213043031,10.0.0.1,5001,10.0.2.84,42760,4,0.0-10.0,1312710,1055174,0.004,0,893,0.000,3
20201213043111,10.0.0.1,5001,10.0.2.85,50012,3,0.0-9.9,1312710,1055833,0.008,0,893,0.000,1
20201213043151,10.0.0.1,5001,10.0.2.86,38528,4,0.0-10.0,1312710,1054771,0.004,0,893,0.000,4
20201213043231,10.0.0.1,5001,10.0.2.87,54459,3,0.0-10.0,1312710,1054948,0.019,0,893,0.000,2
20201213043311,10.0.0.1,5001,10.0.2.88,34435,4,0.0-10.0,1312710,1054981,0.008,0,893,0.000,3
20201213043351,10.0.0.1,5001,10.0.2.89,59077,3,0.0-10.0,1312710,1053818,0.006,0,893,0.000,4
20201213043431,10.0.0.1,5001,10.0.2.90,40549,4,0.0-10.0,1312710,1054866,0.005,0,893,0.000,3
20201213043511,10.0.0.1,5001,10.0.2.91,55638,3,0.0-10.0,1312710,1054615,0.002,0,893,0.000,1
20201213043551,10.0.0.1,5001,10.0.2.92,58111,4,0.0-9.9,1312710,1056361,0.003,0,893,0.000,3
20201213043631,10.0.0.1,5001,10.0.2.93,56025,3,0.0-10.0,1312710,1055051,0.004,0,893,0.000,3
20201213043711,10.0.0.1,5001,10.0.2.94,40942,4,0.0-9.9,1312710,1055873,0.004,0,893,0.000,1
20201213043751,10.0.0.1,5001,10.0.2.95,58302,3,0.0-10.0,1312710,1055016,0.010,0,893,0.000,2
20201213043831,10.0.0.1,5001,10.0.2.96,34901,4,0.0-10.0,1312710,1054563,0.004,0,893,0.000,2
20201213043911,10.0.0.1,5001,10.0.2.97,38104,3,0.0-10.0,1312710,1055070,0.003,0,893,0.000,2
20201213043951,10.0.0.1,5001,10.0.2.98,40486,4,0.0-10.0,1312710,1054539,0.003,0,893,0.000,3
20201213044031,10.0.0.1,5001,10.0.2.99,44544,3,0.0-10.0,1312710,1054686,0.008,0,893,0.000,3
20201213044111,10.0.0.1,5001,10.0.2.100,34737,4,0.0-10.0,1312710,1054632,0.005,0,893,0.000,2
20201213044151,10.0.0.1,5001,10.0.2.101,40828,3,0.0-10.0,1312710,1054880,0.009,0,893,0.000,1
20201213044231,10.0.0.1,5001,10.0.2.102,36225,4,0.0-10.0,1312710,1055108,0.013,0,893,0.000,2
20201213044311,10.0.0.1,5001,10.0.2.103,46736,3,0.0-10.0,1312710,1054739,0.008,0,893,0.000,3
20201213044351,10.0.0.1,5001,10.0.2.104,42574,4,0.0-10.0,1312710,1055123,0.005,0,893,0.000,2
20201213044431,10.0.0.1,5001,10.0.2.105,51910,3,0.0-9.9,1312710,1055518,0.005,0,893,0.000,4
20201213044511,10.0.0.1,5001,10.0.2.106,50183,4,0.0-10.0,1312710,1054432,0.005,0,893,0.000,2
20201213044551,10.0.0.1,5001,10.0.2.107,46669,3,0.0-10.0,1312710,1055282,0.009,0,893,0.000,4
20201213044631,10.0.0.1,5001,10.0.2.108,55884,4,0.0-10.0,1312710,1054789,0.006,0,893,0.000,3
20201213044711,10.0.0.1,5001,10.0.2.109,43758,3,0.0-10.0,1312710,1054314,0.011,0,893,0.000,2
20201213044751,10.0.0.1,5001,10.0.2.110,57150,4,0.0-10.0,1312710,1055179,0.005,0,893,0.000,2
20201213044831,10.0.0.1,5001,10.0.2.111,48605,3,0.0-10.0,1312710,1054780,0.004,0,893,0.000,2
20201213044912,10.0.0.1,5001,10.0.2.112,49254,4,0.0-10.0,1312710,1054704,0.006,0,893,0.000,3
20201213044952,10.0.0.1,5001,10.0.2.113,48503,3,0.0-10.0,1312710,1054748,0.006,0,893,0.000,4
20201213045032,10.0.0.1,5001,10.0.2.114,47201,4,0.0-10.0,1312710,1054578,0.003,0,893,0.000,3
20201213045112,10.0.0.1,5001,10.0.2.115,49751,3,0.0-10.0,1312710,1055407,0.007,0,893,0.000,3
20201213045152,10.0.0.1,5001,10.0.2.116,57262,4,0.0-10.0,1312710,1054678,0.004,0,893,0.000,2
20201213045232,10.0.0.1,5001,10.0.2.117,33012,3,0.0-10.0,1312710,1054332,0.007,0,893,0.000,2
20201213045312,10.0.0.1,5001,10.0.2.118,33404,4,0.0-10.0,1312710,1055115,0.006,0,893,0.000,3
20201213045352,10.0.0.1,5001,10.0.2.119,41456,3,0.0-10.0,1312710,1054371,0.009,0,893,0.000,2
20201213045432,10.0.0.1,5001,10.0.2.120,42075,4,0.0-9.9,1312710,1055480,0.005,0,893,0.000,4
20201213045512,10.0.0.1,5001,10.0.2.121,51941,3,0.0-10.0,1312710,1054653,0.004,0,893,0.000,3
20201213045552,10.0.0.1,5001,10.0.2.122,58506,4,0.0-10.0,1312710,1054386,0.007,0,893,0.000,2
20201213045632,10.0.0.1,5001,10.0.2.123,52827,3,0.0-10.0,1312710,1054479,0.005,0,893,0.000,2
20201213045712,10.0.0.1,5001,10.0.2.124,34161,4,0.0-10.0,1312710,1055053,0.004,0,893,0.000,2
20201213045752,10.0.0.1,5001,10.0.2.125,39987,3,0.0-10.0,1312710,1054799,0.010,0,893,0.000,5
20201213045832,10.0.0.1,5001,10.0.2.126,43272,4,0.0-10.0,1312710,1054909,0.004,0,893,0.000,3
20201213045912,10.0.0.1,5001,10.0.2.127,33680,3,0.0-10.0,1312710,1054859,0.004,0,893,0.000,2
20201213045952,10.0.0.1,5001,10.0.2.128,45118,4,0.0-9.9,1312710,1058704,0.011,0,893,0.000,5
20201213050032,10.0.0.1,5001,10.0.2.129,39481,3,0.0-10.0,1312710,1054628,0.005,0,893,0.000,2
20201213050112,10.0.0.1,5001,10.0.2.130,34431,4,0.0-10.0,1312710,1054705,0.005,0,893,0.000,2
20201213050152,10.0.0.1,5001,10.0.2.131,58526,3,0.0-10.0,1312710,1055089,0.012,0,893,0.000,3
20201213050232,10.0.0.1,5001,10.0.2.132,59784,4,0.0-10.0,1312710,1054430,0.003,0,893,0.000,3
20201213050312,10.0.0.1,5001,10.0.2.133,54801,3,0.0-9.5,1312710,1107910,0.009,0,893,0.000,38
20201213050352,10.0.0.1,5001,10.0.2.134,39949,4,0.0-10.0,1312710,1055250,0.005,0,893,0.000,4
20201213050432,10.0.0.1,5001,10.0.2.135,53241,3,0.0-10.0,1312710,1054632,0.008,0,893,0.000,1
20201213050512,10.0.0.1,5001,10.0.2.136,54384,4,0.0-10.0,1312710,1055085,0.007,0,893,0.000,3
20201213050552,10.0.0.1,5001,10.0.2.137,40036,3,0.0-10.0,1312710,1055125,0.008,0,893,0.000,2
20201213050632,10.0.0.1,5001,10.0.2.138,37520,4,0.0-10.0,1312710,1055306,0.007,0,893,0.000,3
20201213050712,10.0.0.1,5001,10.0.2.139,48540,3,0.0-10.0,1312710,1055281,0.008,0,893,0.000,3
20201213050752,10.0.0.1,5001,10.0.2.140,54016,4,0.0-10.0,1312710,1054738,0.007,0,893,0.000,1
20201213050832,10.0.0.1,5001,10.0.2.141,38110,3,0.0-10.0,1312710,1054701,0.013,0,893,0.000,3
20201213050912,10.0.0.1,5001,10.0.2.142,40388,4,0.0-10.0,1312710,1054396,0.006,0,893,0.000,3
20201213050953,10.0.0.1,5001,10.0.2.143,37998,3,0.0-10.0,1312710,1054962,62.503,0,893,0.000,3
20201213051033,10.0.0.1,5001,10.0.2.144,50895,4,0.0-10.0,1312710,1055079,0.011,0,893,0.000,2
20201213051113,10.0.0.1,5001,10.0.2.145,57301,3,0.0-10.0,1312710,1055016,0.007,0,893,0.000,1
20201213051153,10.0.0.1,5001,10.0.2.146,60861,4,0.0-10.0,1312710,1055240,0.018,0,893,0.000,4
20201213051233,10.0.0.1,5001,10.0.2.147,34719,3,0.0-10.0,1312710,1055355,0.005,0,893,0.000,4
20201213051313,10.0.0.1,5001,10.0.2.148,55890,4,0.0-10.0,1312710,1054561,0.005,0,893,0.000,1
20201213051353,10.0.0.1,5001,10.0.2.149,34058,3,0.0-10.0,1312710,1055341,0.002,0,893,0.000,3
20201213051433,10.0.0.1,5001,10.0.2.150,48595,4,0.0-10.0,1312710,1054754,0.005,0,893,0.000,1
20201213051513,10.0.0.1,5001,10.0.2.151,52833,3,0.0-10.0,1312710,1054817,0.006,0,893,0.000,3
20201213051553,10.0.0.1,5001,10.0.2.152,42659,4,0.0-10.0,1312710,1054946,0.007,0,893,0.000,3
20201213051633,10.0.0.1,5001,10.0.2.153,39384,3,0.0-10.0,1312710,1054575,0.007,0,893,0.000,0
20201213051713,10.0.0.1,5001,10.0.2.154,41620,4,0.0-10.0,1312710,1054437,0.007,0,893,0.000,3
20201213051753,10.0.0.1,5001,10.0.2.155,47290,3,0.0-10.0,1312710,1054832,0.006,0,893,0.000,2
20201213051833,10.0.0.1,5001,10.0.2.156,53419,4,0.0-9.9,1312710,1055584,0.007,0,893,0.000,4
20201213051913,10.0.0.1,5001,10.0.2.157,58234,3,0.0-10.0,1312710,1054787,0.005,0,893,0.000,3
20201213051953,10.0.0.1,5001,10.0.2.158,38157,4,0.0-10.0,1312710,1054973,0.011,0,893,0.000,2
20201213052033,10.0.0.1,5001,10.0.2.159,50210,3,0.0-10.0,1312710,1054206,0.009,0,893,0.000,3
20201213052113,10.0.0.1,5001,10.0.2.160,58927,4,0.0-10.0,1312710,1054614,0.009,0,893,0.000,2
20201213052153,10.0.0.1,5001,10.0.2.161,54033,3,0.0-10.0,1312710,1055112,0.007,0,893,0.000,2
20201213052233,10.0.0.1,5001,10.0.2.162,32815,4,0.0-10.0,1312710,1054808,0.005,0,893,0.000,2
20201213052313,10.0.0.1,5001,10.0.2.163,56648,3,0.0-10.0,1311240,1053742,0.003,1,893,0.112,2
20201213052353,10.0.0.1,5001,10.0.2.164,52223,4,0.0-10.0,1312710,1055174,0.006,0,893,0.000,3
20201213052433,10.0.0.1,5001,10.0.2.165,55695,3,0.0-9.9,1312710,1059854,0.009,0,893,0.000,8
20201213052513,10.0.0.1,5001,10.0.2.166,42349,4,0.0-10.0,1312710,1054638,0.007,0,893,0.000,0
20201213052553,10.0.0.1,5001,10.0.2.167,55502,3,0.0-9.9,1312710,1056650,0.006,0,893,0.000,1
20201213052633,10.0.0.1,5001,10.0.2.168,54439,4,0.0-9.9,1312710,1055604,0.006,0,893,0.000,2
20201213052713,10.0.0.1,5001,10.0.2.169,37582,3,0.0-10.0,1312710,1054719,0.010,0,893,0.000,2
20201213052753,10.0.0.1,5001,10.0.2.170,50840,4,0.0-10.0,1312710,1055244,0.005,0,893,0.000,3
20201213052833,10.0.0.1,5001,10.0.2.171,41760,3,0.0-10.0,1312710,1054430,0.006,0,893,0.000,8
20201213052914,10.0.0.1,5001,10.0.2.172,46120,4,0.0-10.0,1312710,1054666,0.009,0,893,0.000,3
20201213052954,10.0.0.1,5001,10.0.2.173,42044,3,0.0-10.0,1312710,1055134,0.007,0,893,0.000,3
20201213053034,10.0.0.1,5001,10.0.2.174,53031,4,0.0-10.0,1312710,1054575,0.006,0,893,0.000,3
20201213053114,10.0.0.1,5001,10.0.2.175,40541,3,0.0-10.0,1312710,1054724,0.004,0,893,0.000,1
20201213053154,10.0.0.1,5001,10.0.2.176,52357,4,0.0-10.0,1312710,1054637,0.003,0,893,0.000,2
20201213053234,10.0.0.1,5001,10.0.2.177,53477,3,0.0-9.9,1312710,1055490,0.008,0,893,0.000,3
20201213053314,10.0.0.1,5001,10.0.2.178,52753,4,0.0-10.0,1312710,1054690,0.007,0,893,0.000,1
20201213053354,10.0.0.1,5001,10.0.2.179,57268,3,0.0-10.0,1312710,1054641,0.006,0,893,0.000,0
20201213053434,10.0.0.1,5001,10.0.2.180,40885,4,0.0-9.9,1312710,1055714,0.004,0,893,0.000,2
20201213053514,10.0.0.1,5001,10.0.2.181,53872,3,0.0-10.0,1312710,1054523,0.005,0,893,0.000,3
20201213053554,10.0.0.1,5001,10.0.2.182,47698,4,0.0-10.0,1312710,1055270,0.005,0,893,0.000,2
20201213053634,10.0.0.1,5001,10.0.2.183,55625,3,0.0-10.0,1312710,1054770,0.006,0,893,0.000,1
20201213053714,10.0.0.1,5001,10.0.2.184,36249,4,0.0-10.0,1312710,1055397,0.005,0,893,0.000,3
20201213053754,10.0.0.1,5001,10.0.2.185,48718,3,0.0-10.0,1312710,1054737,0.012,0,893,0.000,2
20201213053834,10.0.0.1,5001,10.0.2.186,54252,4,0.0-10.0,1312710,1055004,0.005,0,893,0.000,2
20201213053914,10.0.0.1,5001,10.0.2.187,53266,3,0.0-10.0,1312710,1054374,0.005,0,893,0.000,2
20201213053954,10.0.0.1,5001,10.0.2.188,43095,4,0.0-10.0,1312710,1054593,0.007,0,893,0.000,3
20201213054034,10.0.0.1,5001,10.0.2.189,55743,3,0.0-10.0,1312710,1055141,0.006,0,893,0.000,2
20201213054114,10.0.0.1,5001,10.0.2.190,56513,4,0.0-10.0,1312710,1054697,0.006,0,893,0.000,1
20201213054154,10.0.0.1,5001,10.0.2.191,53304,3,0.0-10.0,1312710,1054991,0.005,0,893,0.000,2
20201213054234,10.0.0.1,5001,10.0.2.192,34997,4,0.0-10.0,1312710,1054960,0.005,0,893,0.000,4
20201213054314,10.0.0.1,5001,10.0.2.193,51858,3,0.0-10.0,1312710,1054742,0.003,0,893,0.000,1
20201213054354,10.0.0.1,5001,10.0.2.194,36814,4,0.0-10.0,1312710,1055263,0.004,0,893,0.000,1
20201213054434,10.0.0.1,5001,10.0.2.195,57067,3,0.0-10.0,1312710,1054746,0.004,0,893,0.000,2
20201213054514,10.0.0.1,5001,10.0.2.196,56438,4,0.0-10.0,1312710,1054601,0.006,0,893,0.000,1
20201213054554,10.0.0.1,5001,10.0.2.197,45489,3,0.0-10.0,1312710,1054855,0.009,0,893,0.000,3
20201213054634,10.0.0.1,5001,10.0.2.198,35169,4,0.0-10.0,1312710,1054679,0.009,0,893,0.000,1
20201213054714,10.0.0.1,5001,10.0.2.199,43578,3,0.0-10.0,1312710,1054552,0.004,0,893,0.000,1
20201213054755,10.0.0.1,5001,10.0.2.200,48115,4,0.0-10.0,1312710,1055232,0.002,0,893,0.000,2
20201213054835,10.0.0.1,5001,10.0.2.201,48927,3,0.0-10.0,1312710,1054688,0.007,0,893,0.000,3
20201213054915,10.0.0.1,5001,10.0.2.202,54947,4,0.0-10.0,1312710,1054634,0.005,0,893,0.000,1
20201213054955,10.0.0.1,5001,10.0.2.203,56047,3,0.0-10.0,1312710,1054970,0.009,0,893,0.000,2
20201213055035,10.0.0.1,5001,10.0.2.204,52408,4,0.0-10.0,1312710,1054576,0.005,0,893,0.000,2
20201213055115,10.0.0.1,5001,10.0.2.205,50060,3,0.0-9.9,1312710,1055888,0.007,0,893,0.000,2
20201213055155,10.0.0.1,5001,10.0.2.206,49686,4,0.0-10.0,1312710,1054612,0.002,0,893,0.000,0
20201213055235,10.0.0.1,5001,10.0.2.207,52512,3,0.0-10.0,1312710,1054583,0.005,0,893,0.000,1
20201213055315,10.0.0.1,5001,10.0.2.208,45122,4,0.0-10.0,1312710,1055096,0.005,0,893,0.000,3
20201213055355,10.0.0.1,5001,10.0.2.209,45559,3,0.0-10.0,1312710,1055317,0.008,0,893,0.000,3
20201213055435,10.0.0.1,5001,10.0.2.210,49178,4,0.0-10.0,1312710,1055146,0.003,0,893,0.000,2
20201213055515,10.0.0.1,5001,10.0.2.211,34000,3,0.0-10.0,1312710,1055112,0.008,0,893,0.000,2
20201213055555,10.0.0.1,5001,10.0.2.212,40961,4,0.0-10.0,1312710,1054857,0.010,0,893,0.000,2
20201213055635,10.0.0.1,5001,10.0.2.213,34036,3,0.0-10.0,1312710,1054701,0.006,0,893,0.000,2
20201213055715,10.0.0.1,5001,10.0.2.214,50191,4,0.0-10.0,1312710,1054715,0.006,0,893,0.000,2
20201213055755,10.0.0.1,5001,10.0.2.215,34120,3,0.0-10.0,1312710,1054831,0.003,0,893,0.000,2
20201213055835,10.0.0.1,5001,10.0.2.216,58116,4,0.0-10.0,1312710,1054609,0.008,0,893,0.000,1
20201213055915,10.0.0.1,5001,10.0.2.217,44145,3,0.0-10.0,1312710,1054353,0.010,0,893,0.000,1
20201213055955,10.0.0.1,5001,10.0.2.218,52478,4,0.0-10.0,1312710,1054739,0.010,0,893,0.000,3
20201213060035,10.0.0.1,5001,10.0.2.219,34800,3,0.0-9.9,1312710,1056105,0.005,0,893,0.000,3
20201213060115,10.0.0.1,5001,10.0.2.220,41768,4,0.0-10.0,1312710,1054594,0.006,0,893,0.000,2
20201213060155,10.0.0.1,5001,10.0.2.221,53561,3,0.0-10.0,1312710,1054714,0.007,0,893,0.000,2
20201213060235,10.0.0.1,5001,10.0.2.222,56653,4,0.0-10.0,1312710,1054781,0.012,0,893,0.000,2
20201213060315,10.0.0.1,5001,10.0.2.223,40726,3,0.0-10.0,1312710,1054533,0.006,0,893,0.000,1
20201213060355,10.0.0.1,5001,10.0.2.224,42320,4,0.0-10.0,1312710,1054851,0.005,0,893,0.000,2
20201213060435,10.0.0.1,5001,10.0.2.225,59753,3,0.0-10.0,1312710,1055153,0.006,0,893,0.000,2
20201213060515,10.0.0.1,5001,10.0.2.226,45148,4,0.0-9.9,1312710,1055773,0.009,0,893,0.000,3
20201213060555,10.0.0.1,5001,10.0.2.227,34270,3,0.0-10.0,1312710,1054938,0.010,0,893,0.000,2
20201213060635,10.0.0.1,5001,10.0.2.228,47326,4,0.0-9.9,1312710,1055616,0.014,0,893,0.000,2
20201213060715,10.0.0.1,5001,10.0.2.229,44196,3,0.0-10.0,1312710,1054634,0.006,0,893,0.000,2
20201213060756,10.0.0.1,5001,10.0.2.230,52792,4,0.0-9.9,1312710,1055970,62.511,0,893,0.000,3
20201213060836,10.0.0.1,5001,10.0.2.231,58656,3,0.0-10.0,1312710,1054810,0.007,0,893,0.000,2
20201213060916,10.0.0.1,5001,10.0.2.232,57995,4,0.0-10.0,1312710,1054020,0.006,0,893,0.000,4
20201213060956,10.0.0.1,5001,10.0.2.233,43454,3,0.0-10.0,1312710,1055354,0.007,0,893,0.000,1
20201213061036,10.0.0.1,5001,10.0.2.234,58836,4,0.0-9.9,1312710,1055496,0.007,0,893,0.000,4
20201213061116,10.0.0.1,5001,10.0.2.235,56219,3,0.0-9.9,1312710,1056157,0.017,0,893,0.000,4
20201213061156,10.0.0.1,5001,10.0.2.236,39851,4,0.0-10.0,1312710,1055343,0.007,0,893,0.000,3
20201213061236,10.0.0.1,5001,10.0.2.237,60610,3,0.0-9.9,1312710,1055709,0.007,0,893,0.000,4
20201213061316,10.0.0.1,5001,10.0.2.238,33515,4,0.0-10.0,1312710,1054743,0.007,0,893,0.000,1
20201213061356,10.0.0.1,5001,10.0.2.239,41090,3,0.0-10.0,1312710,1054798,0.009,0,893,0.000,5
20201213061436,10.0.0.1,5001,10.0.2.240,46754,4,0.0-9.9,1312710,1056106,0.006,0,893,0.000,3
20201213061516,10.0.0.1,5001,10.0.2.241,46316,3,0.0-7.9,1176000,1190302,0.011,93,893,10.414,94
20201213061556,10.0.0.1,5001,10.0.2.242,35060,4,0.0-10.0,1312710,1054810,0.008,0,893,0.000,4
20201213061636,10.0.0.1,5001,10.0.2.243,55662,3,0.0-10.0,1312710,1054740,0.011,0,893,0.000,2
20201213061716,10.0.0.1,5001,10.0.2.244,35645,4,0.0-10.0,1312710,1054539,0.005,0,893,0.000,0
20201213061756,10.0.0.1,5001,10.0.2.245,49460,3,0.0-9.9,1312710,1057278,0.004,0,893,0.000,2
20201213061836,10.0.0.1,5001,10.0.2.246,34440,4,0.0-10.0,1312710,1054964,0.003,0,893,0.000,4
20201213061916,10.0.0.1,5001,10.0.2.247,40215,3,0.0-10.0,1312710,1054463,0.005,0,893,0.000,2
20201213061956,10.0.0.1,5001,10.0.2.248,36523,4,0.0-10.0,1312710,1054342,0.005,0,893,0.000,2
20201213062036,10.0.0.1,5001,10.0.2.249,58077,3,0.0-9.9,1312710,1061828,0.005,0,893,0.000,5
20201213062116,10.0.0.1,5001,10.0.2.250,44772,4,0.0-10.0,1312710,1055263,0.010,0,893,0.000,4
20201213062156,10.0.0.1,5001,10.0.2.251,51246,3,0.0-10.0,1312710,1054787,0.007,0,893,0.000,4
20201213062236,10.0.0.1,5001,10.0.2.252,50910,4,0.0-10.0,1312710,1054717,0.005,0,893,0.000,3
20201213062316,10.0.0.1,5001,10.0.2.253,53726,3,0.0-10.0,1312710,1054613,0.006,0,893,0.000,2
20201213062356,10.0.0.1,5001,10.0.2.254,47646,4,0.0-10.0,1312710,1054762,0.009,0,893,0.000,2
20201213062436,10.0.0.1,5001,10.0.2.255,48050,3,0.0-10.0,1312710,1054657,0.003,0,893,0.000,2
20201213062516,10.0.0.1,5001,10.0.3.0,33478,4,0.0-10.0,1312710,1054914,0.005,0,893,0.000,3
20201213062556,10.0.0.1,5001,10.0.3.1,37671,3,0.0-10.0,1312710,1054594,0.005,0,893,0.000,3
20201213062636,10.0.0.1,5001,10.0.3.2,40617,4,0.0-10.0,1312710,1055104,0.014,0,893,0.000,2
20201213062716,10.0.0.1,5001,10.0.3.3,58934,3,0.0-10.0,1312710,1054760,0.010,0,893,0.000,2
20201213062756,10.0.0.1,5001,10.0.3.4,48232,4,0.0-10.0,1312710,1054401,0.005,0,893,0.000,2
20201213062837,10.0.0.1,5001,10.0.3.5,37995,3,0.0-10.0,1312710,1054445,0.002,0,893,0.000,3
20201213062917,10.0.0.1,5001,10.0.3.6,60321,4,0.0-10.0,1312710,1054421,0.010,0,893,0.000,2
20201213062957,10.0.0.1,5001,10.0.3.7,57975,3,0.0-10.0,1312710,1055070,0.008,0,893,0.000,2
20201213063037,10.0.0.1,5001,10.0.3.8,49308,4,0.0-10.0,1312710,1054961,0.013,0,893,0.000,4
20201213063117,10.0.0.1,5001,10.0.3.9,36912,3,0.0-10.0,1312710,1055078,0.008,0,893,0.000,4
20201213063157,10.0.0.1,5001,10.0.3.10,59978,4,0.0-9.9,1312710,1055810,0.005,0,893,0.000,4
20201213063237,10.0.0.1,5001,10.0.3.11,50092,3,0.0-9.9,1312710,1055726,0.007,0,893,0.000,3
20201213063317,10.0.0.1,5001,10.0.3.12,55290,4,0.0-10.0,1312710,1053940,0.006,0,893,0.000,2
20201213063357,10.0.0.1,5001,10.0.3.13,37872,3,0.0-10.0,1312710,1053851,0.010,0,893,0.000,4
20201213063437,10.0.0.1,5001,10.0.3.14,36166,4,0.0-10.0,1312710,1054957,0.002,0,893,0.000,2
20201213063517,10.0.0.1,5001,10.0.3.15,54071,3,0.0-9.9,1312710,1055939,0.008,0,893,0.000,5
20201213063557,10.0.0.1,5001,10.0.3.16,43034,4,0.0-10.0,1312710,1055422,0.006,0,893,0.000,3
20201213063637,10.0.0.1,5001,10.0.3.17,42022,3,0.0-10.0,1312710,1054575,0.008,0,893,0.000,1
20201213063717,10.0.0.1,5001,10.0.3.18,41586,4,0.0-10.0,1312710,1054618,0.004,0,893,0.000,1
20201213063757,10.0.0.1,5001,10.0.3.19,37126,3,0.0-10.0,1312710,1054978,0.010,0,893,0.000,3
20201213063837,10.0.0.1,5001,10.0.3.20,42403,4,0.0-10.0,1312710,1055193,0.004,0,893,0.000,1
20201213063917,10.0.0.1,5001,10.0.3.21,57657,3,0.0-9.8,1312710,1071363,0.004,0,893,0.000,10
20201213063957,10.0.0.1,5001,10.0.3.22,52425,4,0.0-10.0,1312710,1055139,0.006,0,893,0.000,2
20201213064037,10.0.0.1,5001,10.0.3.23,36725,3,0.0-10.0,1312710,1054523,0.014,0,893,0.000,1
20201213064117,10.0.0.1,5001,10.0.3.24,49097,4,0.0-10.0,1312710,1055044,0.006,0,893,0.000,2
20201213064157,10.0.0.1,5001,10.0.3.25,33268,3,0.0-10.0,1312710,1054945,0.007,0,893,0.000,0
20201213064237,10.0.0.1,5001,10.0.3.26,48634,4,0.0-9.9,1312710,1055869,0.008,0,893,0.000,3
20201213064317,10.0.0.1,5001,10.0.3.27,35125,3,0.0-10.0,1312710,1055206,0.003,0,893,0.000,3
20201213064357,10.0.0.1,5001,10.0.3.28,49968,4,0.0-10.0,1312710,1054699,0.006,0,893,0.000,1
20201213064437,10.0.0.1,5001,10.0.3.29,38973,3,0.0-10.0,1312710,1054823,0.005,0,893,0.000,3
20201213064517,10.0.0.1,5001,10.0.3.30,40223,4,0.0-10.0,1312710,1054982,0.005,0,893,0.000,1
20201213064557,10.0.0.1,5001,10.0.3.31,50390,3,0.0-10.0,1312710,1054951,0.004,0,893,0.000,4
20201213064637,10.0.0.1,5001,10.0.3.32,41899,4,0.0-10.0,1312710,1054838,0.004,0,893,0.000,2
20201213064717,10.0.0.1,5001,10.0.3.33,35699,3,0.0-10.0,1312710,1055119,0.005,0,893,0.000,4
20201213064757,10.0.0.1,5001,10.0.3.34,36830,4,0.0-10.0,1312710,1054695,0.008,0,893,0.000,2
20201213064837,10.0.0.1,5001,10.0.3.35,43403,3,0.0-10.0,1312710,1054916,0.006,0,893,0.000,3
20201213064918,10.0.0.1,5001,10.0.3.36,36852,4,0.0-10.0,1312710,1055176,0.006,0,893,0.000,3
20201213064958,10.0.0.1,5001,10.0.3.37,41549,3,0.0-10.0,1312710,1055442,62.506,0,893,0.000,4
20201213065038,10.0.0.1,5001,10.0.3.38,58187,4,0.0-10.0,1311240,1053814,0.014,1,893,0.112,1
20201213065118,10.0.0.1,5001,10.0.3.39,40231,3,0.0-10.0,1312710,1054647,0.005,0,893,0.000,0
20201213065158,10.0.0.1,5001,10.0.3.40,37895,4,0.0-10.0,1312710,1055222,0.005,0,893,0.000,2
20201213065238,10.0.0.1,5001,10.0.3.41,60015,3,0.0-10.0,1312710,1054733,0.008,0,893,0.000,3
20201213065318,10.0.0.1,5001,10.0.3.42,48447,4,0.0-10.0,1312710,1054574,0.008,0,893,0.000,2
20201213065358,10.0.0.1,5001,10.0.3.43,47332,3,0.0-10.0,1312710,1054439,0.007,0,893,0.000,3
20201213065438,10.0.0.1,5001,10.0.3.44,40683,4,0.0-10.0,1312710,1054585,0.004,0,893,0.000,2
20201213065518,10.0.0.1,5001,10.0.3.45,48708,3,0.0-9.9,1312710,1056220,0.006,0,893,0.000,4
20201213065558,10.0.0.1,5001,10.0.3.46,55103,4,0.0-10.0,1312710,1054581,0.005,0,893,0.000,2
20201213065638,10.0.0.1,5001,10.0.3.47,44076,3,0.0-9.9,1312710,1056794,0.004,0,893,0.000,2
20201213065718,10.0.0.1,5001,10.0.3.48,55568,4,0.0-10.0,1312710,1055000,0.006,0,893,0.000,0
20201213065758,10.0.0.1,5001,10.0.3.49,53739,3,0.0-10.0,1312710,1055395,0.005,0,893,0.000,2
20201213065838,10.0.0.1,5001,10.0.3.50,51227,4,0.0-10.0,1312710,1054554,0.010,0,893,0.000,0
20201213065918,10.0.0.1,5001,10.0.3.51,54683,3,0.0-10.0,1312710,1054818,0.006,0,893,0.000,9
20201213065958,10.0.0.1,5001,10.0.3.52,48930,4,0.0-10.0,1312710,1054582,0.007,0,893,0.000,2
20201213070038,10.0.0.1,5001,10.0.3.53,43990,3,0.0-10.0,1312710,1054907,0.007,0,893,0.000,3
20201213070118,10.0.0.1,5001,10.0.3.54,40964,4,0.0-10.0,1312710,1054771,0.003,0,893,0.000,3
20201213070158,10.0.0.1,5001,10.0.3.55,45274,3,0.0-9.9,1312710,1056543,0.004,0,893,0.000,4
20201213070238,10.0.0.1,5001,10.0.3.56,56504,4,0.0-10.0,1312710,1054901,0.002,0,893,0.000,0
20201213070318,10.0.0.1,5001,10.0.3.57,38519,3,0.0-10.0,1312710,1054484,0.008,0,893,0.000,2
20201213070358,10.0.0.1,5001,10.0.3.58,39852,4,0.0-10.0,1312710,1054852,0.004,0,893,0.000,2
20201213070438,10.0.0.1,5001,10.0.3.59,52451,3,0.0-10.0,1312710,1054725,0.006,0,893,0.000,3
20201213070518,10.0.0.1,5001,10.0.3.60,47901,4,0.0-10.0,1312710,1055212,0.004,0,893,0.000,2
20201213070558,10.0.0.1,5001,10.0.3.61,57508,3,0.0-10.0,1312710,1054567,0.004,0,893,0.000,1
20201213070638,10.0.0.1,5001,10.0.3.62,43513,4,0.0-10.0,1312710,1055176,0.008,0,893,0.000,2
20201213070718,10.0.0.1,5001,10.0.3.63,34444,3,0.0-10.0,1312710,1054877,0.006,0,893,0.000,4
20201213070758,10.0.0.1,5001,10.0.3.64,39117,4,0.0-10.0,1312710,1054614,0.006,0,893,0.000,1
20201213070838,10.0.0.1,5001,10.0.3.65,48741,3,0.0-10.0,1312710,1055387,0.007,0,893,0.000,2
20201213070918,10.0.0.1,5001,10.0.3.66,47638,4,0.0-10.0,1312710,1054687,0.004,0,893,0.000,2
20201213070958,10.0.0.1,5001,10.0.3.67,37771,3,0.0-9.9,1312710,1055761,0.009,0,893,0.000,2
20201213071039,10.0.0.1,5001,10.0.3.68,49625,4,0.0-9.9,1312710,1056103,0.008,0,893,0.000,2
20201213071119,10.0.0.1,5001,10.0.3.69,55023,3,0.0-10.0,1312710,1055214,0.003,0,893,0.000,3
20201213071159,10.0.0.1,5001,10.0.3.70,58903,4,0.0-10.0,1312710,1054517,0.010,0,893,0.000,1
20201213071239,10.0.0.1,5001,10.0.3.71,37838,3,0.0-10.0,1312710,1054684,0.004,0,893,0.000,4
20201213071319,10.0.0.1,5001,10.0.3.72,45719,4,0.0-10.0,1312710,1054935,0.006,0,893,0.000,3
20201213071359,10.0.0.1,5001,10.0.3.73,48000,3,0.0-10.0,1312710,1054817,0.004,0,893,0.000,2
20201213071439,10.0.0.1,5001,10.0.3.74,45990,4,0.0-10.0,1312710,1055007,0.004,0,893,0.000,3
20201213071519,10.0.0.1,5001,10.0.3.75,46002,3,0.0-10.0,1312710,1054457,0.006,0,893,0.000,3
20201213071559,10.0.0.1,5001,10.0.3.76,55307,4,0.0-10.0,1312710,1054785,0.008,0,893,0.000,1
20201213071639,10.0.0.1,5001,10.0.3.77,37342,3,0.0-10.0,1312710,1055027,0.004,0,893,0.000,2
20201213071719,10.0.0.1,5001,10.0.3.78,54811,4,0.0-9.9,1312710,1056020,0.007,0,893,0.000,4
20201213071759,10.0.0.1,5001,10.0.3.79,47058,3,0.0-10.0,1312710,1054661,0.007,0,893,0.000,3
20201213071839,10.0.0.1,5001,10.0.3.80,55868,4,0.0-10.0,1312710,1054459,0.006,0,893,0.000,2
20201213071919,10.0.0.1,5001,10.0.3.81,49413,3,0.0-10.0,1312710,1055161,0.004,0,893,0.000,3
20201213071959,10.0.0.1,5001,10.0.3.82,41429,4,0.0-10.0,1312710,1054938,0.011,0,893,0.000,4
20201213072039,10.0.0.1,5001,10.0.3.83,52826,3,0.0-10.0,1312710,1054701,0.003,0,893,0.000,2
20201213072119,10.0.0.1,5001,10.0.3.84,56025,4,0.0-10.0,1312710,1055106,0.007,0,893,0.000,1
20201213072159,10.0.0.1,5001,10.0.3.85,54871,3,0.0-10.0,1312710,1054789,0.004,0,893,0.000,3
20201213072239,10.0.0.1,5001,10.0.3.86,37085,4,0.0-9.9,1312710,1055655,0.002,0,893,0.000,4
20201213072319,10.0.0.1,5001,10.0.3.87,34106,3,0.0-9.9,1312710,1055855,0.007,0,893,0.000,5
20201213072359,10.0.0.1,5001,10.0.3.88,57183,4,0.0-9.9,1312710,1056807,0.006,0,893,0.000,4
20201213072439,10.0.0.1,5001,10.0.3.89,42234,3,0.0-9.9,1312710,1055550,0.007,0,893,0.000,2
20201213072519,10.0.0.1,5001,10.0.3.90,40674,4,0.0-10.0,1312710,1054842,0.007,0,893,0.000,3
20201213072559,10.0.0.1,5001,10.0.3.91,51211,3,0.0-10.0,1312710,1054929,0.005,0,893,0.000,3
20201213072639,10.0.0.1,5001,10.0.3.92,44498,4,0.0-10.0,1312710,1054227,0.010,0,893,0.000,3
20201213072719,10.0.0.1,5001,10.0.3.93,41163,3,0.0-10.0,1312710,1054956,0.007,0,893,0.000,3
20201213072759,10.0.0.1,5001,10.0.3.94,49494,4,0.0-10.0,1312710,1054835,0.004,0,893,0.000,4
20201213072839,10.0.0.1,5001,10.0.3.95,45757,3,0.0-10.0,1312710,1054972,0.006,0,893,0.000,2
20201213072919,10.0.0.1,5001,10.0.3.96,57181,4,0.0-10.0,1312710,1054903,0.005,0,893,0.000,2
20201213072959,10.0.0.1,5001,10.0.3.97,34582,3,0.0-10.0,1312710,1055206,0.009,0,893,0.000,3
20201213073039,10.0.0.1,5001,10.0.3.98,42020,4,0.0-10.0,1312710,1055091,0.006,0,893,0.000,2
20201213073119,10.0.0.1,5001,10.0.3.99,52373,3,0.0-10.0,1312710,1054504,0.003,0,893,0.000,3
20201213073200,10.0.0.1,5001,10.0.3.100,59801,4,0.0-10.0,1312710,1054838,62.508,0,893,0.000,2
20201213073240,10.0.0.1,5001,10.0.3.101,53101,3,0.0-10.0,1312710,1054798,0.009,0,893,0.000,3
20201213073320,10.0.0.1,5001,10.0.3.102,47679,4,0.0-9.9,1312710,1055528,0.004,0,893,0.000,4
20201213073400,10.0.0.1,5001,10.0.3.103,42949,3,0.0-9.9,1312710,1055839,0.004,0,893,0.000,4
20201213073440,10.0.0.1,5001,10.0.3.104,35700,4,0.0-9.9,1312710,1055765,0.003,0,893,0.000,5
20201213073520,10.0.0.1,5001,10.0.3.105,46741,3,0.0-10.0,1312710,1055207,0.010,0,893,0.000,2
20201213073600,10.0.0.1,5001,10.0.3.106,52604,4,0.0-10.0,1311240,1053768,0.005,1,893,0.112,1
20201213073640,10.0.0.1,5001,10.0.3.107,59357,3,0.0-9.9,1312710,1056089,0.007,0,893,0.000,3
20201213073720,10.0.0.1,5001,10.0.3.108,45484,4,0.0-10.0,1312710,1054981,0.005,0,893,0.000,3
20201213073800,10.0.0.1,5001,10.0.3.109,44697,3,0.0-10.0,1312710,1054870,0.003,0,893,0.000,3
20201213073840,10.0.0.1,5001,10.0.3.110,57315,4,0.0-10.0,1312710,1055175,0.007,0,893,0.000,3
20201213073920,10.0.0.1,5001,10.0.3.111,58168,3,0.0-10.0,1312710,1054884,0.008,0,893,0.000,3
20201213074000,10.0.0.1,5001,10.0.3.112,40314,4,0.0-10.0,1312710,1054396,0.012,0,893,0.000,3
20201213074040,10.0.0.1,5001,10.0.3.113,56689,3,0.0-10.0,1312710,1054511,0.006,0,893,0.000,3
20201213074120,10.0.0.1,5001,10.0.3.114,39457,4,0.0-10.0,1312710,1055296,0.005,0,893,0.000,4
20201213074200,10.0.0.1,5001,10.0.3.115,41420,3,0.0-10.0,1312710,1054471,0.006,0,893,0.000,3
20201213074240,10.0.0.1,5001,10.0.3.116,56641,4,0.0-9.9,1312710,1055978,0.006,0,893,0.000,3
20201213074320,10.0.0.1,5001,10.0.3.117,41556,3,0.0-10.0,1312710,1054801,0.009,0,893,0.000,3
20201213074400,10.0.0.1,5001,10.0.3.118,41654,4,0.0-10.0,1312710,1054200,0.004,0,893,0.000,1
20201213074440,10.0.0.1,5001,10.0.3.119,58959,3,0.0-10.0,1312710,1054827,0.005,0,893,0.000,0
20201213074520,10.0.0.1,5001,10.0.3.120,41097,4,0.0-10.0,1312710,1055143,0.009,0,893,0.000,3
20201213074600,10.0.0.1,5001,10.0.3.121,55764,3,0.0-9.9,1312710,1060762,0.008,0,893,0.000,8
20201213074640,10.0.0.1,5001,10.0.3.122,37610,4,0.0-10.0,1312710,1054893,0.003,0,893,0.000,2
20201213074720,10.0.0.1,5001,10.0.3.123,53894,3,0.0-10.0,1312710,1054329,0.003,0,893,0.000,2
20201213074800,10.0.0.1,5001,10.0.3.124,38931,4,0.0-10.0,1312710,1055218,0.009,0,893,0.000,3
20201213074840,10.0.0.1,5001,10.0.3.125,50235,3,0.0-9.9,1312710,1055575,0.006,0,893,0.000,3
20201213074920,10.0.0.1,5001,10.0.3.126,53390,4,0.0-9.9,1312710,1055798,0.006,0,893,0.000,4
20201213075000,10.0.0.1,5001,10.0.3.127,49034,3,0.0-9.9,1312710,1056533,0.005,0,893,0.000,4
20201213075040,10.0.0.1,5001,10.0.3.128,34985,4,0.0-9.9,1312710,1055825,0.006,0,893,0.000,4
20201213075120,10.0.0.1,5001,10.0.3.129,59696,3,0.0-10.0,1312710,1054943,0.007,0,893,0.000,4
20201213075200,10.0.0.1,5001,10.0.3.130,50031,4,0.0-10.0,1312710,1054931,0.006,0,893,0.000,3
20201213075240,10.0.0.1,5001,10.0.3.131,36311,3,0.0-9.9,1312710,1055526,0.009,0,893,0.000,3
20201213075320,10.0.0.1,5001,10.0.3.132,53641,4,0.0-10.0,1312710,1055163,0.006,0,893,0.000,4
20201213075400,10.0.0.1,5001,10.0.3.133,34834,3,0.0-10.0,1312710,1054653,0.004,0,893,0.000,1
20201213075441,10.0.0.1,5001,10.0.3.134,52544,4,0.0-10.0,1312710,1054788,62.506,0,893,0.000,2
20201213075521,10.0.0.1,5001,10.0.3.135,38255,3,0.0-10.0,1312710,1054634,0.003,0,893,0.000,2
20201213075601,10.0.0.1,5001,10.0.3.136,34504,4,0.0-10.0,1312710,1054830,0.009,0,893,0.000,2
20201213075641,10.0.0.1,5001,10.0.3.137,55918,3,0.0-9.9,1312710,1055538,0.005,0,893,0.000,3
20201213075721,10.0.0.1,5001,10.0.3.138,45156,4,0.0-10.0,1312710,1054971,0.006,0,893,0.000,4
20201213075801,10.0.0.1,5001,10.0.3.139,53621,3,0.0-10.0,1312710,1054926,0.013,0,893,0.000,1
20201213075841,10.0.0.1,5001,10.0.3.140,49757,4,0.0-10.0,1312710,1054911,0.009,0,893,0.000,3
20201213075921,10.0.0.1,5001,10.0.3.141,47746,3,0.0-10.0,1312710,1055304,0.007,0,893,0.000,2
20201213080001,10.0.0.1,5001,10.0.3.142,41586,4,0.0-10.0,1312710,1054508,0.006,0,893,0.000,2
20201213080041,10.0.0.1,5001,10.0.3.143,47308,3,0.0-10.0,1312710,1054756,0.012,0,893,0.000,2
20201213080121,10.0.0.1,5001,10.0.3.144,44697,4,0.0-9.9,1312710,1056132,0.010,0,893,0.000,3
20201213080201,10.0.0.1,5001,10.0.3.145,35540,3,0.0-10.0,1312710,1054750,0.008,0,893,0.000,2
20201213080241,10.0.0.1,5001,10.0.3.146,38423,4,0.0-10.0,1312710,1054624,0.005,0,893,0.000,2
20201213080321,10.0.0.1,5001,10.0.3.147,37547,3,0.0-10.0,1312710,1054683,0.005,0,893,0.000,3
20201213080401,10.0.0.1,5001,10.0.3.148,56578,4,0.0-10.0,1312710,1054627,0.005,0,893,0.000,3
20201213080441,10.0.0.1,5001,10.0.3.149,53111,3,0.0-10.0,1312710,1055369,0.009,0,893,0.000,3
20201213080521,10.0.0.1,5001,10.0.3.150,43616,4,0.0-10.0,1312710,1054693,0.009,0,893,0.000,2
20201213080601,10.0.0.1,5001,10.0.3.151,49349,3,0.0-10.0,1312710,1054437,0.004,0,893,0.000,3
20201213080641,10.0.0.1,5001,10.0.3.152,46176,4,0.0-8.8,1298010,1173765,0.011,10,893,1.120,90
20201213080721,10.0.0.1,5001,10.0.3.153,50436,3,0.0-10.0,1312710,1054772,0.003,0,893,0.000,2
20201213080801,10.0.0.1,5001,10.0.3.154,43314,4,0.0-10.0,1312710,1055281,0.006,0,893,0.000,3
20201213080841,10.0.0.1,5001,10.0.3.155,33096,3,0.0-10.0,1312710,1055124,0.004,0,893,0.000,2
20201213080921,10.0.0.1,5001,10.0.3.156,36478,4,0.0-10.0,1312710,1054666,0.002,0,893,0.000,1
20201213081001,10.0.0.1,5001,10.0.3.157,49122,3,0.0-10.0,1312710,1054880,0.005,0,893,0.000,2
20201213081041,10.0.0.1,5001,10.0.3.158,60969,4,0.0-10.0,1312710,1054681,0.005,0,893,0.000,2
20201213081121,10.0.0.1,5001,10.0.3.159,44076,3,0.0-9.9,1312710,1055829,0.006,0,893,0.000,5
20201213081201,10.0.0.1,5001,10.0.3.160,58476,4,0.0-10.0,1312710,1054478,0.005,0,893,0.000,3
20201213081241,10.0.0.1,5001,10.0.3.161,43308,3,0.0-9.9,1312710,1056157,0.004,0,893,0.000,4
20201213081321,10.0.0.1,5001,10.0.3.162,53184,4,0.0-10.0,1312710,1055159,0.003,0,893,0.000,3
20201213081401,10.0.0.1,5001,10.0.3.163,49238,3,0.0-10.0,1312710,1054439,0.006,0,893,0.000,3
20201213081441,10.0.0.1,5001,10.0.3.164,40741,4,0.0-10.0,1312710,1054701,0.007,0,893,0.000,3
20201213081521,10.0.0.1,5001,10.0.3.165,50901,3,0.0-10.0,1312710,1054670,0.004,0,893,0.000,1
20201213081601,10.0.0.1,5001,10.0.3.166,49533,4,0.0-10.0,1312710,1054782,0.010,0,893,0.000,3
20201213081642,10.0.0.1,5001,10.0.3.167,48241,3,0.0-9.9,1312710,1057511,0.003,0,893,0.000,5
20201213081722,10.0.0.1,5001,10.0.3.168,35891,4,0.0-10.0,1312710,1054650,0.004,0,893,0.000,1
20201213081802,10.0.0.1,5001,10.0.3.169,47292,3,0.0-10.0,1312710,1054616,0.011,0,893,0.000,4
20201213081842,10.0.0.1,5001,10.0.3.170,33408,4,0.0-10.0,1312710,1054729,0.030,0,893,0.000,2
20201213081922,10.0.0.1,5001,10.0.3.171,40896,3,0.0-9.9,1312710,1055834,0.006,0,893,0.000,4
20201213082002,10.0.0.1,5001,10.0.3.172,51151,4,0.0-10.0,1312710,1055171,0.005,0,893,0.000,2
20201213082042,10.0.0.1,5001,10.0.3.173,35476,3,0.0-10.0,1312710,1054899,0.006,0,893,0.000,4
20201213082122,10.0.0.1,5001,10.0.3.174,51870,4,0.0-10.0,1312710,1054967,0.006,0,893,0.000,2
20201213082202,10.0.0.1,5001,10.0.3.175,55820,3,0.0-10.0,1312710,1054527,0.010,0,893,0.000,2
20201213082242,10.0.0.1,5001,10.0.3.176,45523,4,0.0-10.0,1312710,1054948,0.006,0,893,0.000,2
20201213082322,10.0.0.1,5001,10.0.3.177,48100,3,0.0-10.0,1312710,1054531,0.006,0,893,0.000,1
20201213082402,10.0.0.1,5001,10.0.3.178,53941,4,0.0-10.0,1312710,1054414,0.003,0,893,0.000,2
20201213082442,10.0.0.1,5001,10.0.3.179,46547,3,0.0-10.0,1312710,1054969,0.005,0,893,0.000,3
20201213082522,10.0.0.1,5001,10.0.3.180,36354,4,0.0-10.0,1312710,1054358,0.021,0,893,0.000,3
20201213082602,10.0.0.1,5001,10.0.3.181,50627,3,0.0-10.0,1312710,1054986,0.006,0,893,0.000,3
20201213082642,10.0.0.1,5001,10.0.3.182,36960,4,0.0-10.0,1312710,1055386,0.008,0,893,0.000,3
20201213082722,10.0.0.1,5001,10.0.3.183,45007,3,0.0-10.0,1312710,1054798,0.006,0,893,0.000,2
20201213082802,10.0.0.1,5001,10.0.3.184,44084,4,0.0-10.0,1312710,1054272,0.002,0,893,0.000,1
20201213082842,10.0.0.1,5001,10.0.3.185,52340,3,0.0-9.9,1312710,1055771,0.005,0,893,0.000,2
20201213082922,10.0.0.1,5001,10.0.3.186,47550,4,0.0-10.0,1312710,1054737,0.004,0,893,0.000,2
20201213083002,10.0.0.1,5001,10.0.3.187,48590,3,0.0-10.0,1312710,1054757,0.005,0,893,0.000,3
20201213083042,10.0.0.1,5001,10.0.3.188,53311,4,0.0-9.6,1312710,1097602,0.004,0,893,0.000,31
20201213083122,10.0.0.1,5001,10.0.3.189,34568,3,0.0-10.0,1312710,1054294,0.006,0,893,0.000,2
20201213083202,10.0.0.1,5001,10.0.3.190,34543,4,0.0-10.0,1312710,1054734,0.007,0,893,0.000,2
20201213083242,10.0.0.1,5001,10.0.3.191,34540,3,0.0-10.0,1312710,1055039,0.005,0,893,0.000,3
20201213083322,10.0.0.1,5001,10.0.3.192,32962,4,0.0-10.0,1312710,1054611,0.006,0,893,0.000,1
20201213083402,10.0.0.1,5001,10.0.3.193,56544,3,0.0-10.0,1312710,1055193,0.002,0,893,0.000,4
20201213083442,10.0.0.1,5001,10.0.3.194,59647,4,0.0-10.0,1312710,1054514,0.005,0,893,0.000,1
20201213083523,10.0.0.1,5001,10.0.3.195,36304,3,0.0-10.0,1312710,1055002,0.004,0,893,0.000,4
20201213083603,10.0.0.1,5001,10.0.3.196,50485,4,0.0-10.0,1312710,1055273,0.008,0,893,0.000,5
20201213083643,10.0.0.1,5001,10.0.3.197,45227,3,0.0-10.0,1312710,1054752,0.005,0,893,0.000,2
20201213083723,10.0.0.1,5001,10.0.3.198,57938,4,0.0-9.9,1312710,1059413,0.008,0,893,0.000,4
20201213083803,10.0.0.1,5001,10.0.3.199,39435,3,0.0-10.0,1312710,1054539,0.004,0,893,0.000,2
20201213083843,10.0.0.1,5001,10.0.3.200,53485,4,0.0-10.0,1312710,1054751,0.007,0,893,0.000,1
20201213083923,10.0.0.1,5001,10.0.3.201,38334,3,0.0-10.0,1312710,1054697,0.008,0,893,0.000,1
20201213084003,10.0.0.1,5001,10.0.3.202,43058,4,0.0-9.9,1312710,1055700,0.004,0,893,0.000,3
20201213084043,10.0.0.1,5001,10.0.3.203,43939,3,0.0-10.0,1312710,1054701,0.008,0,893,0.000,1
20201213084123,10.0.0.1,5001,10.0.3.204,48575,4,0.0-10.0,1312710,1054329,0.009,0,893,0.000,3
20201213084203,10.0.0.1,5001,10.0.3.205,33418,3,0.0-10.0,1312710,1054602,0.008,0,893,0.000,4
20201213084243,10.0.0.1,5001,10.0.3.206,33434,4,0.0-10.0,1312710,1054752,0.003,0,893,0.000,1
20201213084323,10.0.0.1,5001,10.0.3.207,40625,3,0.0-10.0,1312710,1054808,0.005,0,893,0.000,2
20201213084403,10.0.0.1,5001,10.0.3.208,52236,4,0.0-10.0,1312710,1055126,0.010,0,893,0.000,3
20201213084443,10.0.0.1,5001,10.0.3.209,33531,3,0.0-10.0,1312710,1055400,0.005,0,893,0.000,2
20201213084523,10.0.0.1,5001,10.0.3.210,50893,4,0.0-10.0,1312710,1054294,0.003,0,893,0.000,2
20201213084603,10.0.0.1,5001,10.0.3.211,34404,3,0.0-10.0,1312710,1054755,0.007,0,893,0.000,4
20201213084643,10.0.0.1,5001,10.0.3.212,35026,4,0.0-10.0,1312710,1054866,0.012,0,893,0.000,2
20201213084723,10.0.0.1,5001,10.0.3.213,59645,3,0.0-10.0,1312710,1054339,0.007,0,893,0.000,1
20201213084803,10.0.0.1,5001,10.0.3.214,44845,4,0.0-10.0,1312710,1055026,0.011,0,893,0.000,2
20201213084843,10.0.0.1,5001,10.0.3.215,57792,3,0.0-10.0,1312710,1054938,0.004,0,893,0.000,3
20201213084923,10.0.0.1,5001,10.0.3.216,40088,4,0.0-10.0,1312710,1055165,0.008,0,893,0.000,2
20201213085003,10.0.0.1,5001,10.0.3.217,55715,3,0.0-10.0,1312710,1054899,0.008,0,893,0.000,3
20201213085043,10.0.0.1,5001,10.0.3.218,44336,4,0.0-10.0,1312710,1054646,0.011,0,893,0.000,2
20201213085123,10.0.0.1,5001,10.0.3.219,38151,3,0.0-10.0,1312710,1054600,0.006,0,893,0.000,1
20201213085203,10.0.0.1,5001,10.0.3.220,54479,4,0.0-10.0,1312710,1054592,0.009,0,893,0.000,1
20201213085243,10.0.0.1,5001,10.0.3.221,55579,3,0.0-9.9,1312710,1056503,0.005,0,893,0.000,3
20201213085323,10.0.0.1,5001,10.0.3.222,45003,4,0.0-10.0,1312710,1054787,0.006,0,893,0.000,1
20201213085403,10.0.0.1,5001,10.0.3.223,47459,3,0.0-10.0,1312710,1055320,0.005,0,893,0.000,4
20201213085444,10.0.0.1,5001,10.0.3.224,41534,4,0.0-9.1,1312710,1157647,0.010,0,893,0.000,81
20201213085524,10.0.0.1,5001,10.0.3.225,37892,3,0.0-10.0,1312710,1055064,0.010,0,893,0.000,2
20201213085604,10.0.0.1,5001,10.0.3.226,58380,4,0.0-10.0,1312710,1055201,0.009,0,893,0.000,2
20201213085644,10.0.0.1,5001,10.0.3.227,53011,3,0.0-10.0,1312710,1054749,0.004,0,893,0.000,0
20201213085724,10.0.0.1,5001,10.0.3.228,39179,4,0.0-10.0,1312710,1054559,0.005,0,893,0.000,1
20201213085804,10.0.0.1,5001,10.0.3.229,50147,3,0.0-10.0,1312710,1054841,0.005,0,893,0.000,1
20201213085844,10.0.0.1,5001,10.0.3.230,41335,4,0.0-10.0,1312710,1054482,0.009,0,893,0.000,2
20201213085924,10.0.0.1,5001,10.0.3.231,46240,3,0.0-10.0,1312710,1055396,0.006,0,893,0.000,3
20201213090004,10.0.0.1,5001,10.0.3.232,60078,4,0.0-10.0,1312710,1055223,0.008,0,893,0.000,2
20201213090044,10.0.0.1,5001,10.0.3.233,40944,3,0.0-10.0,1312710,1054774,0.007,0,893,0.000,2
